,Days,S,I,R
0,0,"[826. 826. 826. 826. 826. 826. 826. 826. 826. 826. 826. 826. 826. 826.
 826. 826. 826. 826. 826. 826. 826. 826. 826. 826. 826. 826. 826. 826.
 826. 826. 826. 826. 826. 826. 826. 826. 826. 826. 826. 826. 826. 826.
 826. 826. 826. 826. 826. 826. 826. 826. 826. 826. 826. 826. 826. 826.
 826. 826. 826. 826. 826. 826. 826. 826. 826. 826. 826. 826. 826. 826.
 826. 826. 826. 826. 826. 826. 826. 826. 826. 826. 826. 826. 826. 826.
 826. 825. 823. 823. 823. 823. 823. 823. 823. 823. 823. 823. 823. 823.
 823. 823. 823. 823. 823. 823. 823. 823. 823. 823. 823. 823. 823. 823.
 823. 823. 823. 823. 823. 823. 823. 823. 823. 823. 823. 823. 823. 823.
 823. 823. 823.]",0,
1,1,"[826. 826. 826. 826. 826. 826. 826. 826. 826. 826. 826. 826. 826. 826.
 826. 826. 826. 826. 826. 826. 826. 826. 826. 826. 826. 826. 826. 826.
 826. 826. 826. 826. 826. 826. 826. 826. 826. 826. 826. 826. 826. 826.
 826. 826. 826. 826. 826. 826. 826. 826. 826. 826. 826. 826. 826. 826.
 826. 826. 826. 826. 826. 826. 826. 826. 826. 826. 826. 826. 826. 826.
 826. 826. 826. 826. 826. 826. 826. 826. 826. 826. 826. 826. 826. 826.
 826. 825. 823. 823. 823. 823. 823. 823. 823. 823. 823. 823. 823. 823.
 823. 823. 823. 823. 823. 823. 823. 823. 823. 823. 823. 823. 823. 823.
 823. 823. 823. 823. 823. 823. 823. 823. 823. 823. 823. 823. 823. 823.
 823. 823. 823.]",0,
2,2,"[826. 826. 826. 826. 826. 826. 826. 826. 826. 826. 826. 826. 826. 826.
 826. 826. 826. 826. 826. 826. 826. 826. 826. 826. 826. 826. 826. 826.
 826. 826. 826. 826. 826. 826. 826. 826. 826. 826. 826. 826. 826. 826.
 826. 826. 826. 826. 826. 826. 826. 826. 826. 826. 826. 826. 826. 826.
 826. 826. 826. 826. 826. 826. 826. 826. 826. 826. 826. 826. 826. 826.
 826. 826. 826. 826. 826. 826. 826. 826. 826. 826. 826. 826. 826. 826.
 826. 825. 823. 823. 823. 823. 823. 823. 823. 823. 823. 823. 823. 823.
 823. 823. 823. 823. 823. 823. 823. 823. 823. 823. 823. 823. 823. 823.
 823. 823. 823. 823. 823. 823. 823. 823. 823. 823. 823. 823. 823. 823.
 823. 823. 823.]",0,
3,3,"[826. 826. 826. 826. 826. 826. 826. 826. 826. 826. 826. 826. 826. 826.
 826. 826. 826. 826. 826. 826. 826. 826. 826. 826. 826. 826. 826. 826.
 826. 826. 826. 826. 826. 826. 826. 826. 826. 826. 826. 826. 826. 826.
 826. 826. 826. 826. 826. 826. 826. 826. 826. 826. 826. 826. 826. 826.
 826. 826. 826. 826. 826. 826. 826. 826. 826. 826. 826. 826. 826. 826.
 826. 826. 826. 826. 826. 826. 826. 826. 826. 826. 826. 826. 826. 826.
 826. 825. 823. 823. 823. 823. 823. 823. 823. 823. 823. 823. 823. 823.
 823. 823. 823. 823. 823. 823. 823. 823. 823. 823. 823. 823. 823. 823.
 823. 823. 823. 823. 823. 823. 823. 823. 823. 823. 823. 823. 823. 823.
 823. 823. 823.]",0,
4,4,"[826. 826. 826. 826. 826. 826. 826. 826. 826. 826. 826. 826. 826. 826.
 826. 826. 826. 826. 826. 826. 826. 826. 826. 826. 826. 826. 826. 826.
 826. 826. 826. 826. 826. 826. 826. 826. 826. 826. 826. 826. 826. 826.
 826. 826. 826. 826. 826. 826. 826. 826. 826. 826. 826. 826. 826. 826.
 826. 826. 826. 826. 826. 826. 826. 826. 826. 826. 826. 826. 826. 826.
 826. 826. 826. 826. 826. 826. 826. 826. 826. 826. 826. 826. 826. 826.
 826. 825. 823. 823. 823. 823. 823. 823. 823. 823. 823. 823. 823. 823.
 823. 823. 823. 823. 823. 823. 823. 823. 823. 823. 823. 823. 823. 823.
 823. 823. 823. 823. 823. 823. 823. 823. 823. 823. 823. 823. 823. 823.
 823. 823. 823.]",0,
5,5,"[826. 826. 826. 826. 826. 826. 826. 826. 826. 826. 826. 826. 826. 826.
 826. 826. 826. 826. 826. 826. 826. 826. 826. 826. 826. 826. 826. 826.
 826. 826. 826. 826. 826. 826. 826. 826. 826. 826. 826. 826. 826. 826.
 826. 826. 826. 826. 826. 826. 826. 826. 826. 826. 826. 826. 826. 826.
 826. 826. 826. 826. 826. 826. 826. 826. 826. 826. 826. 826. 826. 826.
 826. 826. 826. 826. 826. 826. 826. 826. 826. 826. 826. 826. 826. 826.
 826. 825. 823. 823. 823. 823. 823. 823. 823. 823. 823. 823. 823. 823.
 823. 823. 823. 823. 823. 823. 823. 823. 823. 823. 823. 823. 823. 823.
 823. 823. 823. 823. 823. 823. 823. 823. 823. 823. 823. 823. 823. 823.
 823. 823. 823.]",0,
6,6,"[826. 826. 826. 826. 826. 826. 826. 826. 826. 826. 826. 826. 826. 826.
 826. 826. 826. 826. 826. 826. 826. 826. 826. 826. 826. 826. 826. 826.
 826. 826. 826. 826. 826. 826. 826. 826. 826. 826. 826. 826. 826. 826.
 826. 826. 826. 826. 826. 826. 826. 826. 826. 826. 826. 826. 826. 826.
 826. 826. 826. 826. 826. 826. 826. 826. 826. 826. 826. 826. 826. 826.
 826. 826. 826. 826. 826. 826. 826. 826. 826. 826. 826. 826. 826. 826.
 826. 825. 823. 823. 823. 823. 823. 823. 823. 823. 823. 823. 823. 823.
 823. 823. 823. 823. 823. 823. 823. 823. 823. 823. 823. 823. 823. 823.
 823. 823. 823. 823. 823. 823. 823. 823. 823. 823. 823. 823. 823. 823.
 823. 823. 823.]",0,
7,7,"[826. 826. 826. 826. 826. 826. 826. 826. 826. 826. 826. 826. 826. 826.
 826. 826. 826. 826. 826. 826. 826. 826. 826. 826. 826. 826. 826. 826.
 826. 826. 826. 826. 826. 826. 826. 826. 826. 826. 826. 826. 826. 826.
 826. 826. 826. 826. 826. 826. 826. 826. 826. 826. 826. 826. 826. 826.
 826. 826. 826. 826. 826. 826. 826. 826. 826. 826. 826. 826. 826. 826.
 826. 826. 826. 826. 826. 826. 826. 826. 826. 826. 826. 826. 826. 826.
 826. 825. 823. 823. 823. 823. 823. 823. 823. 823. 823. 823. 823. 823.
 823. 823. 823. 823. 823. 823. 823. 823. 823. 823. 823. 823. 823. 823.
 823. 823. 823. 823. 823. 823. 823. 823. 823. 823. 823. 823. 823. 823.
 823. 823. 823.]",0,
8,8,"[826. 826. 826. 826. 826. 826. 826. 826. 826. 826. 826. 826. 826. 826.
 826. 826. 826. 826. 826. 826. 826. 826. 826. 826. 826. 826. 826. 826.
 826. 826. 826. 826. 826. 826. 826. 826. 826. 826. 826. 826. 826. 826.
 826. 826. 826. 826. 826. 826. 826. 826. 826. 826. 826. 826. 826. 826.
 826. 826. 826. 826. 826. 826. 826. 826. 826. 826. 826. 826. 826. 826.
 826. 826. 826. 826. 826. 826. 826. 826. 826. 826. 826. 826. 826. 826.
 826. 825. 823. 823. 823. 823. 823. 823. 823. 823. 823. 823. 823. 823.
 823. 823. 823. 823. 823. 823. 823. 823. 823. 823. 823. 823. 823. 823.
 823. 823. 823. 823. 823. 823. 823. 823. 823. 823. 823. 823. 823. 823.
 823. 823. 823.]",0,
9,9,"[826. 826. 826. 826. 826. 826. 826. 826. 826. 826. 826. 826. 826. 826.
 826. 826. 826. 826. 826. 826. 826. 826. 826. 826. 826. 826. 826. 826.
 826. 826. 826. 826. 826. 826. 826. 826. 826. 826. 826. 826. 826. 826.
 826. 826. 826. 826. 826. 826. 826. 826. 826. 826. 826. 826. 826. 826.
 826. 826. 826. 826. 826. 826. 826. 826. 826. 826. 826. 826. 826. 826.
 826. 826. 826. 826. 826. 826. 826. 826. 826. 826. 826. 826. 826. 826.
 826. 825. 823. 823. 823. 823. 823. 823. 823. 823. 823. 823. 823. 823.
 823. 823. 823. 823. 823. 823. 823. 823. 823. 823. 823. 823. 823. 823.
 823. 823. 823. 823. 823. 823. 823. 823. 823. 823. 823. 823. 823. 823.
 823. 823. 823.]",0,
10,10,"[826. 826. 826. 826. 826. 826. 826. 826. 826. 826. 826. 826. 826. 826.
 826. 826. 826. 826. 826. 826. 826. 826. 826. 826. 826. 826. 826. 826.
 826. 826. 826. 826. 826. 826. 826. 826. 826. 826. 826. 826. 826. 826.
 826. 826. 826. 826. 826. 826. 826. 826. 826. 826. 826. 826. 826. 826.
 826. 826. 826. 826. 826. 826. 826. 826. 826. 826. 826. 826. 826. 826.
 826. 826. 826. 826. 826. 826. 826. 826. 826. 826. 826. 826. 826. 826.
 826. 825. 823. 823. 823. 823. 823. 823. 823. 823. 823. 823. 823. 823.
 823. 823. 823. 823. 823. 823. 823. 823. 823. 823. 823. 823. 823. 823.
 823. 823. 823. 823. 823. 823. 823. 823. 823. 823. 823. 823. 823. 823.
 823. 823. 823.]",0,
11,11,"[826. 826. 826. 826. 826. 826. 826. 826. 826. 826. 826. 826. 826. 826.
 826. 826. 826. 826. 826. 826. 826. 826. 826. 826. 826. 826. 826. 826.
 826. 826. 826. 826. 826. 826. 826. 826. 826. 826. 826. 826. 826. 826.
 826. 826. 826. 826. 826. 826. 826. 826. 826. 826. 826. 826. 826. 826.
 826. 826. 826. 826. 826. 826. 826. 826. 826. 826. 826. 826. 826. 826.
 826. 826. 826. 826. 826. 826. 826. 826. 826. 826. 826. 826. 826. 826.
 826. 825. 823. 823. 823. 823. 823. 823. 823. 823. 823. 823. 823. 823.
 823. 823. 823. 823. 823. 823. 823. 823. 823. 823. 823. 823. 823. 823.
 823. 823. 823. 823. 823. 823. 823. 823. 823. 823. 823. 823. 823. 823.
 823. 823. 823.]",0,
12,12,"[826. 826. 826. 826. 826. 826. 826. 826. 826. 826. 826. 826. 826. 826.
 826. 826. 826. 826. 826. 826. 826. 826. 826. 826. 826. 826. 826. 826.
 826. 826. 826. 826. 826. 826. 826. 826. 826. 826. 826. 826. 826. 826.
 826. 826. 826. 826. 826. 826. 826. 826. 826. 826. 826. 826. 826. 826.
 826. 826. 826. 826. 826. 826. 826. 826. 826. 826. 826. 826. 826. 826.
 826. 826. 826. 826. 826. 826. 826. 826. 826. 826. 826. 826. 826. 826.
 826. 825. 823. 823. 823. 823. 823. 823. 823. 823. 823. 823. 823. 823.
 823. 823. 823. 823. 823. 823. 823. 823. 823. 823. 823. 823. 823. 823.
 823. 823. 823. 823. 823. 823. 823. 823. 823. 823. 823. 823. 823. 823.
 823. 823. 823.]",0,
13,13,"[826. 826. 826. 826. 826. 826. 826. 826. 826. 826. 826. 826. 826. 826.
 826. 826. 826. 826. 826. 826. 826. 826. 826. 826. 826. 826. 826. 826.
 826. 826. 826. 826. 826. 826. 826. 826. 826. 826. 826. 826. 826. 826.
 826. 826. 826. 826. 826. 826. 826. 826. 826. 826. 826. 826. 826. 826.
 826. 826. 826. 826. 826. 826. 826. 826. 826. 826. 826. 826. 826. 826.
 826. 826. 826. 826. 826. 826. 826. 826. 826. 826. 826. 826. 826. 826.
 826. 825. 823. 823. 823. 823. 823. 823. 823. 823. 823. 823. 823. 823.
 823. 823. 823. 823. 823. 823. 823. 823. 823. 823. 823. 823. 823. 823.
 823. 823. 823. 823. 823. 823. 823. 823. 823. 823. 823. 823. 823. 823.
 823. 823. 823.]",0,
14,14,"[826. 826. 826. 826. 826. 826. 826. 826. 826. 826. 826. 826. 826. 826.
 826. 826. 826. 826. 826. 826. 826. 826. 826. 826. 826. 826. 826. 826.
 826. 826. 826. 826. 826. 826. 826. 826. 826. 826. 826. 826. 826. 826.
 826. 826. 826. 826. 826. 826. 826. 826. 826. 826. 826. 826. 826. 826.
 826. 826. 826. 826. 826. 826. 826. 826. 826. 826. 826. 826. 826. 826.
 826. 826. 826. 826. 826. 826. 826. 826. 826. 826. 826. 826. 826. 826.
 826. 825. 823. 823. 823. 823. 823. 823. 823. 823. 823. 823. 823. 823.
 823. 823. 823. 823. 823. 823. 823. 823. 823. 823. 823. 823. 823. 823.
 823. 823. 823. 823. 823. 823. 823. 823. 823. 823. 823. 823. 823. 823.
 823. 823. 823.]",0,
15,15,"[826. 826. 826. 826. 826. 826. 826. 826. 826. 826. 826. 826. 826. 826.
 826. 826. 826. 826. 826. 826. 826. 826. 826. 826. 826. 826. 826. 826.
 826. 826. 826. 826. 826. 826. 826. 826. 826. 826. 826. 826. 826. 826.
 826. 826. 826. 826. 826. 826. 826. 826. 826. 826. 826. 826. 826. 826.
 826. 826. 826. 826. 826. 826. 826. 826. 826. 826. 826. 826. 826. 826.
 826. 826. 826. 826. 826. 826. 826. 826. 826. 826. 826. 826. 826. 826.
 826. 825. 823. 823. 823. 823. 823. 823. 823. 823. 823. 823. 823. 823.
 823. 823. 823. 823. 823. 823. 823. 823. 823. 823. 823. 823. 823. 823.
 823. 823. 823. 823. 823. 823. 823. 823. 823. 823. 823. 823. 823. 823.
 823. 823. 823.]",0,
16,16,"[826. 826. 826. 826. 826. 826. 826. 826. 826. 826. 826. 826. 826. 826.
 826. 826. 826. 826. 826. 826. 826. 826. 826. 826. 826. 826. 826. 826.
 826. 826. 826. 826. 826. 826. 826. 826. 826. 826. 826. 826. 826. 826.
 826. 826. 826. 826. 826. 826. 826. 826. 826. 826. 826. 826. 826. 826.
 826. 826. 826. 826. 826. 826. 826. 826. 826. 826. 826. 826. 826. 826.
 826. 826. 826. 826. 826. 826. 826. 826. 826. 826. 826. 826. 826. 826.
 826. 825. 823. 823. 823. 823. 823. 823. 823. 823. 823. 823. 823. 823.
 823. 823. 823. 823. 823. 823. 823. 823. 823. 823. 823. 823. 823. 823.
 823. 823. 823. 823. 823. 823. 823. 823. 823. 823. 823. 823. 823. 823.
 823. 823. 823.]",0,
17,17,"[826. 826. 826. 826. 826. 826. 826. 826. 826. 826. 826. 826. 826. 826.
 826. 826. 826. 826. 826. 826. 826. 826. 826. 826. 826. 826. 826. 826.
 826. 826. 826. 826. 826. 826. 826. 826. 826. 826. 826. 826. 826. 826.
 826. 826. 826. 826. 826. 826. 826. 826. 826. 826. 826. 826. 826. 826.
 826. 826. 826. 826. 826. 826. 826. 826. 826. 826. 826. 826. 826. 826.
 826. 826. 826. 826. 826. 826. 826. 826. 826. 826. 826. 826. 826. 826.
 826. 825. 823. 823. 823. 823. 823. 823. 823. 823. 823. 823. 823. 823.
 823. 823. 823. 823. 823. 823. 823. 823. 823. 823. 823. 823. 823. 823.
 823. 823. 823. 823. 823. 823. 823. 823. 823. 823. 823. 823. 823. 823.
 823. 823. 823.]",0,
18,18,"[826. 826. 826. 826. 826. 826. 826. 826. 826. 826. 826. 826. 826. 826.
 826. 826. 826. 826. 826. 826. 826. 826. 826. 826. 826. 826. 826. 826.
 826. 826. 826. 826. 826. 826. 826. 826. 826. 826. 826. 826. 826. 826.
 826. 826. 826. 826. 826. 826. 826. 826. 826. 826. 826. 826. 826. 826.
 826. 826. 826. 826. 826. 826. 826. 826. 826. 826. 826. 826. 826. 826.
 826. 826. 826. 826. 826. 826. 826. 826. 826. 826. 826. 826. 826. 826.
 826. 825. 823. 823. 823. 823. 823. 823. 823. 823. 823. 823. 823. 823.
 823. 823. 823. 823. 823. 823. 823. 823. 823. 823. 823. 823. 823. 823.
 823. 823. 823. 823. 823. 823. 823. 823. 823. 823. 823. 823. 823. 823.
 823. 823. 823.]",0,
19,19,"[826. 826. 826. 826. 826. 826. 826. 826. 826. 826. 826. 826. 826. 826.
 826. 826. 826. 826. 826. 826. 826. 826. 826. 826. 826. 826. 826. 826.
 826. 826. 826. 826. 826. 826. 826. 826. 826. 826. 826. 826. 826. 826.
 826. 826. 826. 826. 826. 826. 826. 826. 826. 826. 826. 826. 826. 826.
 826. 826. 826. 826. 826. 826. 826. 826. 826. 826. 826. 826. 826. 826.
 826. 826. 826. 826. 826. 826. 826. 826. 826. 826. 826. 826. 826. 826.
 826. 825. 823. 823. 823. 823. 823. 823. 823. 823. 823. 823. 823. 823.
 823. 823. 823. 823. 823. 823. 823. 823. 823. 823. 823. 823. 823. 823.
 823. 823. 823. 823. 823. 823. 823. 823. 823. 823. 823. 823. 823. 823.
 823. 823. 823.]",0,
20,20,"[826. 826. 826. 826. 826. 826. 826. 826. 826. 826. 826. 826. 826. 826.
 826. 826. 826. 826. 826. 826. 826. 826. 826. 826. 826. 826. 826. 826.
 826. 826. 826. 826. 826. 826. 826. 826. 826. 826. 826. 826. 826. 826.
 826. 826. 826. 826. 826. 826. 826. 826. 826. 826. 826. 826. 826. 826.
 826. 826. 826. 826. 826. 826. 826. 826. 826. 826. 826. 826. 826. 826.
 826. 826. 826. 826. 826. 826. 826. 826. 826. 826. 826. 826. 826. 826.
 826. 825. 823. 823. 823. 823. 823. 823. 823. 823. 823. 823. 823. 823.
 823. 823. 823. 823. 823. 823. 823. 823. 823. 823. 823. 823. 823. 823.
 823. 823. 823. 823. 823. 823. 823. 823. 823. 823. 823. 823. 823. 823.
 823. 823. 823.]",0,
21,21,"[826. 826. 826. 826. 826. 826. 826. 826. 826. 826. 826. 826. 826. 826.
 826. 826. 826. 826. 826. 826. 826. 826. 826. 826. 826. 826. 826. 826.
 826. 826. 826. 826. 826. 826. 826. 826. 826. 826. 826. 826. 826. 826.
 826. 826. 826. 826. 826. 826. 826. 826. 826. 826. 826. 826. 826. 826.
 826. 826. 826. 826. 826. 826. 826. 826. 826. 826. 826. 826. 826. 826.
 826. 826. 826. 826. 826. 826. 826. 826. 826. 826. 826. 826. 826. 826.
 826. 825. 823. 823. 823. 823. 823. 823. 823. 823. 823. 823. 823. 823.
 823. 823. 823. 823. 823. 823. 823. 823. 823. 823. 823. 823. 823. 823.
 823. 823. 823. 823. 823. 823. 823. 823. 823. 823. 823. 823. 823. 823.
 823. 823. 823.]",0,
22,22,"[826. 826. 826. 826. 826. 826. 826. 826. 826. 826. 826. 826. 826. 826.
 826. 826. 826. 826. 826. 826. 826. 826. 826. 826. 826. 826. 826. 826.
 826. 826. 826. 826. 826. 826. 826. 826. 826. 826. 826. 826. 826. 826.
 826. 826. 826. 826. 826. 826. 826. 826. 826. 826. 826. 826. 826. 826.
 826. 826. 826. 826. 826. 826. 826. 826. 826. 826. 826. 826. 826. 826.
 826. 826. 826. 826. 826. 826. 826. 826. 826. 826. 826. 826. 826. 826.
 826. 825. 823. 823. 823. 823. 823. 823. 823. 823. 823. 823. 823. 823.
 823. 823. 823. 823. 823. 823. 823. 823. 823. 823. 823. 823. 823. 823.
 823. 823. 823. 823. 823. 823. 823. 823. 823. 823. 823. 823. 823. 823.
 823. 823. 823.]",0,
23,23,"[826. 826. 826. 826. 826. 826. 826. 826. 826. 826. 826. 826. 826. 826.
 826. 826. 826. 826. 826. 826. 826. 826. 826. 826. 826. 826. 826. 826.
 826. 826. 826. 826. 826. 826. 826. 826. 826. 826. 826. 826. 826. 826.
 826. 826. 826. 826. 826. 826. 826. 826. 826. 826. 826. 826. 826. 826.
 826. 826. 826. 826. 826. 826. 826. 826. 826. 826. 826. 826. 826. 826.
 826. 826. 826. 826. 826. 826. 826. 826. 826. 826. 826. 826. 826. 826.
 826. 825. 823. 823. 823. 823. 823. 823. 823. 823. 823. 823. 823. 823.
 823. 823. 823. 823. 823. 823. 823. 823. 823. 823. 823. 823. 823. 823.
 823. 823. 823. 823. 823. 823. 823. 823. 823. 823. 823. 823. 823. 823.
 823. 823. 823.]",0,
24,24,"[826. 826. 826. 826. 826. 826. 826. 826. 826. 826. 826. 826. 826. 826.
 826. 826. 826. 826. 826. 826. 826. 826. 826. 826. 826. 826. 826. 826.
 826. 826. 826. 826. 826. 826. 826. 826. 826. 826. 826. 826. 826. 826.
 826. 826. 826. 826. 826. 826. 826. 826. 826. 826. 826. 826. 826. 826.
 826. 826. 826. 826. 826. 826. 826. 826. 826. 826. 826. 826. 826. 826.
 826. 826. 826. 826. 826. 826. 826. 826. 826. 826. 826. 826. 826. 826.
 826. 825. 823. 823. 823. 823. 823. 823. 823. 823. 823. 823. 823. 823.
 823. 823. 823. 823. 823. 823. 823. 823. 823. 823. 823. 823. 823. 823.
 823. 823. 823. 823. 823. 823. 823. 823. 823. 823. 823. 823. 823. 823.
 823. 823. 823.]",0,
25,25,"[826. 826. 826. 826. 826. 826. 826. 826. 826. 826. 826. 826. 826. 826.
 826. 826. 826. 826. 826. 826. 826. 826. 826. 826. 826. 826. 826. 826.
 826. 826. 826. 826. 826. 826. 826. 826. 826. 826. 826. 826. 826. 826.
 826. 826. 826. 826. 826. 826. 826. 826. 826. 826. 826. 826. 826. 826.
 826. 826. 826. 826. 826. 826. 826. 826. 826. 826. 826. 826. 826. 826.
 826. 826. 826. 826. 826. 826. 826. 826. 826. 826. 826. 826. 826. 826.
 826. 825. 823. 823. 823. 823. 823. 823. 823. 823. 823. 823. 823. 823.
 823. 823. 823. 823. 823. 823. 823. 823. 823. 823. 823. 823. 823. 823.
 823. 823. 823. 823. 823. 823. 823. 823. 823. 823. 823. 823. 823. 823.
 823. 823. 823.]",0,
26,26,"[826. 826. 826. 826. 826. 826. 826. 826. 826. 826. 826. 826. 826. 826.
 826. 826. 826. 826. 826. 826. 826. 826. 826. 826. 826. 826. 826. 826.
 826. 826. 826. 826. 826. 826. 826. 826. 826. 826. 826. 826. 826. 826.
 826. 826. 826. 826. 826. 826. 826. 826. 826. 826. 826. 826. 826. 826.
 826. 826. 826. 826. 826. 826. 826. 826. 826. 826. 826. 826. 826. 826.
 826. 826. 826. 826. 826. 826. 826. 826. 826. 826. 826. 826. 826. 826.
 826. 825. 823. 823. 823. 823. 823. 823. 823. 823. 823. 823. 823. 823.
 823. 823. 823. 823. 823. 823. 823. 823. 823. 823. 823. 823. 823. 823.
 823. 823. 823. 823. 823. 823. 823. 823. 823. 823. 823. 823. 823. 823.
 823. 823. 823.]",0,
27,27,"[826. 826. 826. 826. 826. 826. 826. 826. 826. 826. 826. 826. 826. 826.
 826. 826. 826. 826. 826. 826. 826. 826. 826. 826. 826. 826. 826. 826.
 826. 826. 826. 826. 826. 826. 826. 826. 826. 826. 826. 826. 826. 826.
 826. 826. 826. 826. 826. 826. 826. 826. 826. 826. 826. 826. 826. 826.
 826. 826. 826. 826. 826. 826. 826. 826. 826. 826. 826. 826. 826. 826.
 826. 826. 826. 826. 826. 826. 826. 826. 826. 826. 826. 826. 826. 826.
 826. 825. 823. 823. 823. 823. 823. 823. 823. 823. 823. 823. 823. 823.
 823. 823. 823. 823. 823. 823. 823. 823. 823. 823. 823. 823. 823. 823.
 823. 823. 823. 823. 823. 823. 823. 823. 823. 823. 823. 823. 823. 823.
 823. 823. 823.]",0,
28,28,"[826. 826. 826. 826. 826. 826. 826. 826. 826. 826. 826. 826. 826. 826.
 826. 826. 826. 826. 826. 826. 826. 826. 826. 826. 826. 826. 826. 826.
 826. 826. 826. 826. 826. 826. 826. 826. 826. 826. 826. 826. 826. 826.
 826. 826. 826. 826. 826. 826. 826. 826. 826. 826. 826. 826. 826. 826.
 826. 826. 826. 826. 826. 826. 826. 826. 826. 826. 826. 826. 826. 826.
 826. 826. 826. 826. 826. 826. 826. 826. 826. 826. 826. 826. 826. 826.
 826. 825. 823. 823. 823. 823. 823. 823. 823. 823. 823. 823. 823. 823.
 823. 823. 823. 823. 823. 823. 823. 823. 823. 823. 823. 823. 823. 823.
 823. 823. 823. 823. 823. 823. 823. 823. 823. 823. 823. 823. 823. 823.
 823. 823. 823.]",0,
29,29,"[826. 826. 826. 826. 826. 826. 826. 826. 826. 826. 826. 826. 826. 826.
 826. 826. 826. 826. 826. 826. 826. 826. 826. 826. 826. 826. 826. 826.
 826. 826. 826. 826. 826. 826. 826. 826. 826. 826. 826. 826. 826. 826.
 826. 826. 826. 826. 826. 826. 826. 826. 826. 826. 826. 826. 826. 826.
 826. 826. 826. 826. 826. 826. 826. 826. 826. 826. 826. 826. 826. 826.
 826. 826. 826. 826. 826. 826. 826. 826. 826. 826. 826. 826. 826. 826.
 826. 825. 823. 823. 823. 823. 823. 823. 823. 823. 823. 823. 823. 823.
 823. 823. 823. 823. 823. 823. 823. 823. 823. 823. 823. 823. 823. 823.
 823. 823. 823. 823. 823. 823. 823. 823. 823. 823. 823. 823. 823. 823.
 823. 823. 823.]",0,
30,30,"[826. 826. 826. 826. 826. 826. 826. 826. 826. 826. 826. 826. 826. 826.
 826. 826. 826. 826. 826. 826. 826. 826. 826. 826. 826. 826. 826. 826.
 826. 826. 826. 826. 826. 826. 826. 826. 826. 826. 826. 826. 826. 826.
 826. 826. 826. 826. 826. 826. 826. 826. 826. 826. 826. 826. 826. 826.
 826. 826. 826. 826. 826. 826. 826. 826. 826. 826. 826. 826. 826. 826.
 826. 826. 826. 826. 826. 826. 826. 826. 826. 826. 826. 826. 826. 826.
 826. 825. 823. 823. 823. 823. 823. 823. 823. 823. 823. 823. 823. 823.
 823. 823. 823. 823. 823. 823. 823. 823. 823. 823. 823. 823. 823. 823.
 823. 823. 823. 823. 823. 823. 823. 823. 823. 823. 823. 823. 823. 823.
 823. 823. 823.]",0,
31,31,"[826. 826. 826. 826. 826. 826. 826. 826. 826. 826. 826. 826. 826. 826.
 826. 826. 826. 826. 826. 826. 826. 826. 826. 826. 826. 826. 826. 826.
 826. 826. 826. 826. 826. 826. 826. 826. 826. 826. 826. 826. 826. 826.
 826. 826. 826. 826. 826. 826. 826. 826. 826. 826. 826. 826. 826. 826.
 826. 826. 826. 826. 826. 826. 826. 826. 826. 826. 826. 826. 826. 826.
 826. 826. 826. 826. 826. 826. 826. 826. 826. 826. 826. 826. 826. 826.
 826. 825. 823. 823. 823. 823. 823. 823. 823. 823. 823. 823. 823. 823.
 823. 823. 823. 823. 823. 823. 823. 823. 823. 823. 823. 823. 823. 823.
 823. 823. 823. 823. 823. 823. 823. 823. 823. 823. 823. 823. 823. 823.
 823. 823. 823.]",0,
32,32,"[826. 826. 826. 826. 826. 826. 826. 826. 826. 826. 826. 826. 826. 826.
 826. 826. 826. 826. 826. 826. 826. 826. 826. 826. 826. 826. 826. 826.
 826. 826. 826. 826. 826. 826. 826. 826. 826. 826. 826. 826. 826. 826.
 826. 826. 826. 826. 826. 826. 826. 826. 826. 826. 826. 826. 826. 826.
 826. 826. 826. 826. 826. 826. 826. 826. 826. 826. 826. 826. 826. 826.
 826. 826. 826. 826. 826. 826. 826. 826. 826. 826. 826. 826. 826. 826.
 826. 825. 823. 823. 823. 823. 823. 823. 823. 823. 823. 823. 823. 823.
 823. 823. 823. 823. 823. 823. 823. 823. 823. 823. 823. 823. 823. 823.
 823. 823. 823. 823. 823. 823. 823. 823. 823. 823. 823. 823. 823. 823.
 823. 823. 823.]",0,
33,33,"[826. 826. 826. 826. 826. 826. 826. 826. 826. 826. 826. 826. 826. 826.
 826. 826. 826. 826. 826. 826. 826. 826. 826. 826. 826. 826. 826. 826.
 826. 826. 826. 826. 826. 826. 826. 826. 826. 826. 826. 826. 826. 826.
 826. 826. 826. 826. 826. 826. 826. 826. 826. 826. 826. 826. 826. 826.
 826. 826. 826. 826. 826. 826. 826. 826. 826. 826. 826. 826. 826. 826.
 826. 826. 826. 826. 826. 826. 826. 826. 826. 826. 826. 826. 826. 826.
 826. 825. 823. 823. 823. 823. 823. 823. 823. 823. 823. 823. 823. 823.
 823. 823. 823. 823. 823. 823. 823. 823. 823. 823. 823. 823. 823. 823.
 823. 823. 823. 823. 823. 823. 823. 823. 823. 823. 823. 823. 823. 823.
 823. 823. 823.]",0,
34,34,"[826. 826. 826. 826. 826. 826. 826. 826. 826. 826. 826. 826. 826. 826.
 826. 826. 826. 826. 826. 826. 826. 826. 826. 826. 826. 826. 826. 826.
 826. 826. 826. 826. 826. 826. 826. 826. 826. 826. 826. 826. 826. 826.
 826. 826. 826. 826. 826. 826. 826. 826. 826. 826. 826. 826. 826. 826.
 826. 826. 826. 826. 826. 826. 826. 826. 826. 826. 826. 826. 826. 826.
 826. 826. 826. 826. 826. 826. 826. 826. 826. 826. 826. 826. 826. 826.
 826. 825. 823. 823. 823. 823. 823. 823. 823. 823. 823. 823. 823. 823.
 823. 823. 823. 823. 823. 823. 823. 823. 823. 823. 823. 823. 823. 823.
 823. 823. 823. 823. 823. 823. 823. 823. 823. 823. 823. 823. 823. 823.
 823. 823. 823.]",0,
35,35,"[826. 826. 826. 826. 826. 826. 826. 826. 826. 826. 826. 826. 826. 826.
 826. 826. 826. 826. 826. 826. 826. 826. 826. 826. 826. 826. 826. 826.
 826. 826. 826. 826. 826. 826. 826. 826. 826. 826. 826. 826. 826. 826.
 826. 826. 826. 826. 826. 826. 826. 826. 826. 826. 826. 826. 826. 826.
 826. 826. 826. 826. 826. 826. 826. 826. 826. 826. 826. 826. 826. 826.
 826. 826. 826. 826. 826. 826. 826. 826. 826. 826. 826. 826. 826. 826.
 826. 825. 823. 823. 823. 823. 823. 823. 823. 823. 823. 823. 823. 823.
 823. 823. 823. 823. 823. 823. 823. 823. 823. 823. 823. 823. 823. 823.
 823. 823. 823. 823. 823. 823. 823. 823. 823. 823. 823. 823. 823. 823.
 823. 823. 823.]",0,
36,36,"[826. 826. 826. 826. 826. 826. 826. 826. 826. 826. 826. 826. 826. 826.
 826. 826. 826. 826. 826. 826. 826. 826. 826. 826. 826. 826. 826. 826.
 826. 826. 826. 826. 826. 826. 826. 826. 826. 826. 826. 826. 826. 826.
 826. 826. 826. 826. 826. 826. 826. 826. 826. 826. 826. 826. 826. 826.
 826. 826. 826. 826. 826. 826. 826. 826. 826. 826. 826. 826. 826. 826.
 826. 826. 826. 826. 826. 826. 826. 826. 826. 826. 826. 826. 826. 826.
 826. 825. 823. 823. 823. 823. 823. 823. 823. 823. 823. 823. 823. 823.
 823. 823. 823. 823. 823. 823. 823. 823. 823. 823. 823. 823. 823. 823.
 823. 823. 823. 823. 823. 823. 823. 823. 823. 823. 823. 823. 823. 823.
 823. 823. 823.]",0,
37,37,"[826. 826. 826. 826. 826. 826. 826. 826. 826. 826. 826. 826. 826. 826.
 826. 826. 826. 826. 826. 826. 826. 826. 826. 826. 826. 826. 826. 826.
 826. 826. 826. 826. 826. 826. 826. 826. 826. 826. 826. 826. 826. 826.
 826. 826. 826. 826. 826. 826. 826. 826. 826. 826. 826. 826. 826. 826.
 826. 826. 826. 826. 826. 826. 826. 826. 826. 826. 826. 826. 826. 826.
 826. 826. 826. 826. 826. 826. 826. 826. 826. 826. 826. 826. 826. 826.
 826. 825. 823. 823. 823. 823. 823. 823. 823. 823. 823. 823. 823. 823.
 823. 823. 823. 823. 823. 823. 823. 823. 823. 823. 823. 823. 823. 823.
 823. 823. 823. 823. 823. 823. 823. 823. 823. 823. 823. 823. 823. 823.
 823. 823. 823.]",0,
38,38,"[826. 826. 826. 826. 826. 826. 826. 826. 826. 826. 826. 826. 826. 826.
 826. 826. 826. 826. 826. 826. 826. 826. 826. 826. 826. 826. 826. 826.
 826. 826. 826. 826. 826. 826. 826. 826. 826. 826. 826. 826. 826. 826.
 826. 826. 826. 826. 826. 826. 826. 826. 826. 826. 826. 826. 826. 826.
 826. 826. 826. 826. 826. 826. 826. 826. 826. 826. 826. 826. 826. 826.
 826. 826. 826. 826. 826. 826. 826. 826. 826. 826. 826. 826. 826. 826.
 826. 825. 823. 823. 823. 823. 823. 823. 823. 823. 823. 823. 823. 823.
 823. 823. 823. 823. 823. 823. 823. 823. 823. 823. 823. 823. 823. 823.
 823. 823. 823. 823. 823. 823. 823. 823. 823. 823. 823. 823. 823. 823.
 823. 823. 823.]",0,
39,39,"[826. 826. 826. 826. 826. 826. 826. 826. 826. 826. 826. 826. 826. 826.
 826. 826. 826. 826. 826. 826. 826. 826. 826. 826. 826. 826. 826. 826.
 826. 826. 826. 826. 826. 826. 826. 826. 826. 826. 826. 826. 826. 826.
 826. 826. 826. 826. 826. 826. 826. 826. 826. 826. 826. 826. 826. 826.
 826. 826. 826. 826. 826. 826. 826. 826. 826. 826. 826. 826. 826. 826.
 826. 826. 826. 826. 826. 826. 826. 826. 826. 826. 826. 826. 826. 826.
 826. 825. 823. 823. 823. 823. 823. 823. 823. 823. 823. 823. 823. 823.
 823. 823. 823. 823. 823. 823. 823. 823. 823. 823. 823. 823. 823. 823.
 823. 823. 823. 823. 823. 823. 823. 823. 823. 823. 823. 823. 823. 823.
 823. 823. 823.]",0,
40,40,"[826. 826. 826. 826. 826. 826. 826. 826. 826. 826. 826. 826. 826. 826.
 826. 826. 826. 826. 826. 826. 826. 826. 826. 826. 826. 826. 826. 826.
 826. 826. 826. 826. 826. 826. 826. 826. 826. 826. 826. 826. 826. 826.
 826. 826. 826. 826. 826. 826. 826. 826. 826. 826. 826. 826. 826. 826.
 826. 826. 826. 826. 826. 826. 826. 826. 826. 826. 826. 826. 826. 826.
 826. 826. 826. 826. 826. 826. 826. 826. 826. 826. 826. 826. 826. 826.
 826. 825. 823. 823. 823. 823. 823. 823. 823. 823. 823. 823. 823. 823.
 823. 823. 823. 823. 823. 823. 823. 823. 823. 823. 823. 823. 823. 823.
 823. 823. 823. 823. 823. 823. 823. 823. 823. 823. 823. 823. 823. 823.
 823. 823. 823.]",0,
41,41,"[826. 826. 826. 826. 826. 826. 826. 826. 826. 826. 826. 826. 826. 826.
 826. 826. 826. 826. 826. 826. 826. 826. 826. 826. 826. 826. 826. 826.
 826. 826. 826. 826. 826. 826. 826. 826. 826. 826. 826. 826. 826. 826.
 826. 826. 826. 826. 826. 826. 826. 826. 826. 826. 826. 826. 826. 826.
 826. 826. 826. 826. 826. 826. 826. 826. 826. 826. 826. 826. 826. 826.
 826. 826. 826. 826. 826. 826. 826. 826. 826. 826. 826. 826. 826. 826.
 826. 825. 823. 823. 823. 823. 823. 823. 823. 823. 823. 823. 823. 823.
 823. 823. 823. 823. 823. 823. 823. 823. 823. 823. 823. 823. 823. 823.
 823. 823. 823. 823. 823. 823. 823. 823. 823. 823. 823. 823. 823. 823.
 823. 823. 823.]",0,
42,42,"[826. 826. 826. 826. 826. 826. 826. 826. 826. 826. 826. 826. 826. 826.
 826. 826. 826. 826. 826. 826. 826. 826. 826. 826. 826. 826. 826. 826.
 826. 826. 826. 826. 826. 826. 826. 826. 826. 826. 826. 826. 826. 826.
 826. 826. 826. 826. 826. 826. 826. 826. 826. 826. 826. 826. 826. 826.
 826. 826. 826. 826. 826. 826. 826. 826. 826. 826. 826. 826. 826. 826.
 826. 826. 826. 826. 826. 826. 826. 826. 826. 826. 826. 826. 826. 826.
 826. 825. 823. 823. 823. 823. 823. 823. 823. 823. 823. 823. 823. 823.
 823. 823. 823. 823. 823. 823. 823. 823. 823. 823. 823. 823. 823. 823.
 823. 823. 823. 823. 823. 823. 823. 823. 823. 823. 823. 823. 823. 823.
 823. 823. 823.]",0,
43,43,"[826. 826. 826. 826. 826. 826. 826. 826. 826. 826. 826. 826. 826. 826.
 826. 826. 826. 826. 826. 826. 826. 826. 826. 826. 826. 826. 826. 826.
 826. 826. 826. 826. 826. 826. 826. 826. 826. 826. 826. 826. 826. 826.
 826. 826. 826. 826. 826. 826. 826. 826. 826. 826. 826. 826. 826. 826.
 826. 826. 826. 826. 826. 826. 826. 826. 826. 826. 826. 826. 826. 826.
 826. 826. 826. 826. 826. 826. 826. 826. 826. 826. 826. 826. 826. 826.
 826. 825. 823. 823. 823. 823. 823. 823. 823. 823. 823. 823. 823. 823.
 823. 823. 823. 823. 823. 823. 823. 823. 823. 823. 823. 823. 823. 823.
 823. 823. 823. 823. 823. 823. 823. 823. 823. 823. 823. 823. 823. 823.
 823. 823. 823.]",0,
44,44,"[826. 826. 826. 826. 826. 826. 826. 826. 826. 826. 826. 826. 826. 826.
 826. 826. 826. 826. 826. 826. 826. 826. 826. 826. 826. 826. 826. 826.
 826. 826. 826. 826. 826. 826. 826. 826. 826. 826. 826. 826. 826. 826.
 826. 826. 826. 826. 826. 826. 826. 826. 826. 826. 826. 826. 826. 826.
 826. 826. 826. 826. 826. 826. 826. 826. 826. 826. 826. 826. 826. 826.
 826. 826. 826. 826. 826. 826. 826. 826. 826. 826. 826. 826. 826. 826.
 826. 825. 823. 823. 823. 823. 823. 823. 823. 823. 823. 823. 823. 823.
 823. 823. 823. 823. 823. 823. 823. 823. 823. 823. 823. 823. 823. 823.
 823. 823. 823. 823. 823. 823. 823. 823. 823. 823. 823. 823. 823. 823.
 823. 823. 823.]",0,
45,45,"[826. 826. 826. 826. 826. 826. 826. 826. 826. 826. 826. 826. 826. 826.
 826. 826. 826. 826. 826. 826. 826. 826. 826. 826. 826. 826. 826. 826.
 826. 826. 826. 826. 826. 826. 826. 826. 826. 826. 826. 826. 826. 826.
 826. 826. 826. 826. 826. 826. 826. 826. 826. 826. 826. 826. 826. 826.
 826. 826. 826. 826. 826. 826. 826. 826. 826. 826. 826. 826. 826. 826.
 826. 826. 826. 826. 826. 826. 826. 826. 826. 826. 826. 826. 826. 826.
 826. 825. 823. 823. 823. 823. 823. 823. 823. 823. 823. 823. 823. 823.
 823. 823. 823. 823. 823. 823. 823. 823. 823. 823. 823. 823. 823. 823.
 823. 823. 823. 823. 823. 823. 823. 823. 823. 823. 823. 823. 823. 823.
 823. 823. 823.]",0,
46,46,"[826. 826. 826. 826. 826. 826. 826. 826. 826. 826. 826. 826. 826. 826.
 826. 826. 826. 826. 826. 826. 826. 826. 826. 826. 826. 826. 826. 826.
 826. 826. 826. 826. 826. 826. 826. 826. 826. 826. 826. 826. 826. 826.
 826. 826. 826. 826. 826. 826. 826. 826. 826. 826. 826. 826. 826. 826.
 826. 826. 826. 826. 826. 826. 826. 826. 826. 826. 826. 826. 826. 826.
 826. 826. 826. 826. 826. 826. 826. 826. 826. 826. 826. 826. 826. 826.
 826. 825. 823. 823. 823. 823. 823. 823. 823. 823. 823. 823. 823. 823.
 823. 823. 823. 823. 823. 823. 823. 823. 823. 823. 823. 823. 823. 823.
 823. 823. 823. 823. 823. 823. 823. 823. 823. 823. 823. 823. 823. 823.
 823. 823. 823.]",0,
47,47,"[826. 826. 826. 826. 826. 826. 826. 826. 826. 826. 826. 826. 826. 826.
 826. 826. 826. 826. 826. 826. 826. 826. 826. 826. 826. 826. 826. 826.
 826. 826. 826. 826. 826. 826. 826. 826. 826. 826. 826. 826. 826. 826.
 826. 826. 826. 826. 826. 826. 826. 826. 826. 826. 826. 826. 826. 826.
 826. 826. 826. 826. 826. 826. 826. 826. 826. 826. 826. 826. 826. 826.
 826. 826. 826. 826. 826. 826. 826. 826. 826. 826. 826. 826. 826. 826.
 826. 825. 823. 823. 823. 823. 823. 823. 823. 823. 823. 823. 823. 823.
 823. 823. 823. 823. 823. 823. 823. 823. 823. 823. 823. 823. 823. 823.
 823. 823. 823. 823. 823. 823. 823. 823. 823. 823. 823. 823. 823. 823.
 823. 823. 823.]",0,
48,48,"[826. 826. 826. 826. 826. 826. 826. 826. 826. 826. 826. 826. 826. 826.
 826. 826. 826. 826. 826. 826. 826. 826. 826. 826. 826. 826. 826. 826.
 826. 826. 826. 826. 826. 826. 826. 826. 826. 826. 826. 826. 826. 826.
 826. 826. 826. 826. 826. 826. 826. 826. 826. 826. 826. 826. 826. 826.
 826. 826. 826. 826. 826. 826. 826. 826. 826. 826. 826. 826. 826. 826.
 826. 826. 826. 826. 826. 826. 826. 826. 826. 826. 826. 826. 826. 826.
 826. 825. 823. 823. 823. 823. 823. 823. 823. 823. 823. 823. 823. 823.
 823. 823. 823. 823. 823. 823. 823. 823. 823. 823. 823. 823. 823. 823.
 823. 823. 823. 823. 823. 823. 823. 823. 823. 823. 823. 823. 823. 823.
 823. 823. 823.]",0,
49,49,"[826. 826. 826. 826. 826. 826. 826. 826. 826. 826. 826. 826. 826. 826.
 826. 826. 826. 826. 826. 826. 826. 826. 826. 826. 826. 826. 826. 826.
 826. 826. 826. 826. 826. 826. 826. 826. 826. 826. 826. 826. 826. 826.
 826. 826. 826. 826. 826. 826. 826. 826. 826. 826. 826. 826. 826. 826.
 826. 826. 826. 826. 826. 826. 826. 826. 826. 826. 826. 826. 826. 826.
 826. 826. 826. 826. 826. 826. 826. 826. 826. 826. 826. 826. 826. 826.
 826. 825. 823. 823. 823. 823. 823. 823. 823. 823. 823. 823. 823. 823.
 823. 823. 823. 823. 823. 823. 823. 823. 823. 823. 823. 823. 823. 823.
 823. 823. 823. 823. 823. 823. 823. 823. 823. 823. 823. 823. 823. 823.
 823. 823. 823.]",0,
50,50,"[826. 826. 826. 826. 826. 826. 826. 826. 826. 826. 826. 826. 826. 826.
 826. 826. 826. 826. 826. 826. 826. 826. 826. 826. 826. 826. 826. 826.
 826. 826. 826. 826. 826. 826. 826. 826. 826. 826. 826. 826. 826. 826.
 826. 826. 826. 826. 826. 826. 826. 826. 826. 826. 826. 826. 826. 826.
 826. 826. 826. 826. 826. 826. 826. 826. 826. 826. 826. 826. 826. 826.
 826. 826. 826. 826. 826. 826. 826. 826. 826. 826. 826. 826. 826. 826.
 826. 825. 823. 823. 823. 823. 823. 823. 823. 823. 823. 823. 823. 823.
 823. 823. 823. 823. 823. 823. 823. 823. 823. 823. 823. 823. 823. 823.
 823. 823. 823. 823. 823. 823. 823. 823. 823. 823. 823. 823. 823. 823.
 823. 823. 823.]",0,
51,51,"[826. 826. 826. 826. 826. 826. 826. 826. 826. 826. 826. 826. 826. 826.
 826. 826. 826. 826. 826. 826. 826. 826. 826. 826. 826. 826. 826. 826.
 826. 826. 826. 826. 826. 826. 826. 826. 826. 826. 826. 826. 826. 826.
 826. 826. 826. 826. 826. 826. 826. 826. 826. 826. 826. 826. 826. 826.
 826. 826. 826. 826. 826. 826. 826. 826. 826. 826. 826. 826. 826. 826.
 826. 826. 826. 826. 826. 826. 826. 826. 826. 826. 826. 826. 826. 826.
 826. 825. 823. 823. 823. 823. 823. 823. 823. 823. 823. 823. 823. 823.
 823. 823. 823. 823. 823. 823. 823. 823. 823. 823. 823. 823. 823. 823.
 823. 823. 823. 823. 823. 823. 823. 823. 823. 823. 823. 823. 823. 823.
 823. 823. 823.]",0,
52,52,"[826. 826. 826. 826. 826. 826. 826. 826. 826. 826. 826. 826. 826. 826.
 826. 826. 826. 826. 826. 826. 826. 826. 826. 826. 826. 826. 826. 826.
 826. 826. 826. 826. 826. 826. 826. 826. 826. 826. 826. 826. 826. 826.
 826. 826. 826. 826. 826. 826. 826. 826. 826. 826. 826. 826. 826. 826.
 826. 826. 826. 826. 826. 826. 826. 826. 826. 826. 826. 826. 826. 826.
 826. 826. 826. 826. 826. 826. 826. 826. 826. 826. 826. 826. 826. 826.
 826. 825. 823. 823. 823. 823. 823. 823. 823. 823. 823. 823. 823. 823.
 823. 823. 823. 823. 823. 823. 823. 823. 823. 823. 823. 823. 823. 823.
 823. 823. 823. 823. 823. 823. 823. 823. 823. 823. 823. 823. 823. 823.
 823. 823. 823.]",0,
53,53,"[826. 826. 826. 826. 826. 826. 826. 826. 826. 826. 826. 826. 826. 826.
 826. 826. 826. 826. 826. 826. 826. 826. 826. 826. 826. 826. 826. 826.
 826. 826. 826. 826. 826. 826. 826. 826. 826. 826. 826. 826. 826. 826.
 826. 826. 826. 826. 826. 826. 826. 826. 826. 826. 826. 826. 826. 826.
 826. 826. 826. 826. 826. 826. 826. 826. 826. 826. 826. 826. 826. 826.
 826. 826. 826. 826. 826. 826. 826. 826. 826. 826. 826. 826. 826. 826.
 826. 825. 823. 823. 823. 823. 823. 823. 823. 823. 823. 823. 823. 823.
 823. 823. 823. 823. 823. 823. 823. 823. 823. 823. 823. 823. 823. 823.
 823. 823. 823. 823. 823. 823. 823. 823. 823. 823. 823. 823. 823. 823.
 823. 823. 823.]",0,
54,54,"[826. 826. 826. 826. 826. 826. 826. 826. 826. 826. 826. 826. 826. 826.
 826. 826. 826. 826. 826. 826. 826. 826. 826. 826. 826. 826. 826. 826.
 826. 826. 826. 826. 826. 826. 826. 826. 826. 826. 826. 826. 826. 826.
 826. 826. 826. 826. 826. 826. 826. 826. 826. 826. 826. 826. 826. 826.
 826. 826. 826. 826. 826. 826. 826. 826. 826. 826. 826. 826. 826. 826.
 826. 826. 826. 826. 826. 826. 826. 826. 826. 826. 826. 826. 826. 826.
 826. 825. 823. 823. 823. 823. 823. 823. 823. 823. 823. 823. 823. 823.
 823. 823. 823. 823. 823. 823. 823. 823. 823. 823. 823. 823. 823. 823.
 823. 823. 823. 823. 823. 823. 823. 823. 823. 823. 823. 823. 823. 823.
 823. 823. 823.]",0,
55,55,"[826. 826. 826. 826. 826. 826. 826. 826. 826. 826. 826. 826. 826. 826.
 826. 826. 826. 826. 826. 826. 826. 826. 826. 826. 826. 826. 826. 826.
 826. 826. 826. 826. 826. 826. 826. 826. 826. 826. 826. 826. 826. 826.
 826. 826. 826. 826. 826. 826. 826. 826. 826. 826. 826. 826. 826. 826.
 826. 826. 826. 826. 826. 826. 826. 826. 826. 826. 826. 826. 826. 826.
 826. 826. 826. 826. 826. 826. 826. 826. 826. 826. 826. 826. 826. 826.
 826. 825. 823. 823. 823. 823. 823. 823. 823. 823. 823. 823. 823. 823.
 823. 823. 823. 823. 823. 823. 823. 823. 823. 823. 823. 823. 823. 823.
 823. 823. 823. 823. 823. 823. 823. 823. 823. 823. 823. 823. 823. 823.
 823. 823. 823.]",0,
56,56,"[826. 826. 826. 826. 826. 826. 826. 826. 826. 826. 826. 826. 826. 826.
 826. 826. 826. 826. 826. 826. 826. 826. 826. 826. 826. 826. 826. 826.
 826. 826. 826. 826. 826. 826. 826. 826. 826. 826. 826. 826. 826. 826.
 826. 826. 826. 826. 826. 826. 826. 826. 826. 826. 826. 826. 826. 826.
 826. 826. 826. 826. 826. 826. 826. 826. 826. 826. 826. 826. 826. 826.
 826. 826. 826. 826. 826. 826. 826. 826. 826. 826. 826. 826. 826. 826.
 826. 825. 823. 823. 823. 823. 823. 823. 823. 823. 823. 823. 823. 823.
 823. 823. 823. 823. 823. 823. 823. 823. 823. 823. 823. 823. 823. 823.
 823. 823. 823. 823. 823. 823. 823. 823. 823. 823. 823. 823. 823. 823.
 823. 823. 823.]",0,
57,57,"[826. 826. 826. 826. 826. 826. 826. 826. 826. 826. 826. 826. 826. 826.
 826. 826. 826. 826. 826. 826. 826. 826. 826. 826. 826. 826. 826. 826.
 826. 826. 826. 826. 826. 826. 826. 826. 826. 826. 826. 826. 826. 826.
 826. 826. 826. 826. 826. 826. 826. 826. 826. 826. 826. 826. 826. 826.
 826. 826. 826. 826. 826. 826. 826. 826. 826. 826. 826. 826. 826. 826.
 826. 826. 826. 826. 826. 826. 826. 826. 826. 826. 826. 826. 826. 826.
 826. 825. 823. 823. 823. 823. 823. 823. 823. 823. 823. 823. 823. 823.
 823. 823. 823. 823. 823. 823. 823. 823. 823. 823. 823. 823. 823. 823.
 823. 823. 823. 823. 823. 823. 823. 823. 823. 823. 823. 823. 823. 823.
 823. 823. 823.]",0,
58,58,"[826. 826. 826. 826. 826. 826. 826. 826. 826. 826. 826. 826. 826. 826.
 826. 826. 826. 826. 826. 826. 826. 826. 826. 826. 826. 826. 826. 826.
 826. 826. 826. 826. 826. 826. 826. 826. 826. 826. 826. 826. 826. 826.
 826. 826. 826. 826. 826. 826. 826. 826. 826. 826. 826. 826. 826. 826.
 826. 826. 826. 826. 826. 826. 826. 826. 826. 826. 826. 826. 826. 826.
 826. 826. 826. 826. 826. 826. 826. 826. 826. 826. 826. 826. 826. 826.
 826. 825. 823. 823. 823. 823. 823. 823. 823. 823. 823. 823. 823. 823.
 823. 823. 823. 823. 823. 823. 823. 823. 823. 823. 823. 823. 823. 823.
 823. 823. 823. 823. 823. 823. 823. 823. 823. 823. 823. 823. 823. 823.
 823. 823. 823.]",0,
59,59,"[826. 826. 826. 826. 826. 826. 826. 826. 826. 826. 826. 826. 826. 826.
 826. 826. 826. 826. 826. 826. 826. 826. 826. 826. 826. 826. 826. 826.
 826. 826. 826. 826. 826. 826. 826. 826. 826. 826. 826. 826. 826. 826.
 826. 826. 826. 826. 826. 826. 826. 826. 826. 826. 826. 826. 826. 826.
 826. 826. 826. 826. 826. 826. 826. 826. 826. 826. 826. 826. 826. 826.
 826. 826. 826. 826. 826. 826. 826. 826. 826. 826. 826. 826. 826. 826.
 826. 825. 823. 823. 823. 823. 823. 823. 823. 823. 823. 823. 823. 823.
 823. 823. 823. 823. 823. 823. 823. 823. 823. 823. 823. 823. 823. 823.
 823. 823. 823. 823. 823. 823. 823. 823. 823. 823. 823. 823. 823. 823.
 823. 823. 823.]",0,
60,60,"[826. 826. 826. 826. 826. 826. 826. 826. 826. 826. 826. 826. 826. 826.
 826. 826. 826. 826. 826. 826. 826. 826. 826. 826. 826. 826. 826. 826.
 826. 826. 826. 826. 826. 826. 826. 826. 826. 826. 826. 826. 826. 826.
 826. 826. 826. 826. 826. 826. 826. 826. 826. 826. 826. 826. 826. 826.
 826. 826. 826. 826. 826. 826. 826. 826. 826. 826. 826. 826. 826. 826.
 826. 826. 826. 826. 826. 826. 826. 826. 826. 826. 826. 826. 826. 826.
 826. 825. 823. 823. 823. 823. 823. 823. 823. 823. 823. 823. 823. 823.
 823. 823. 823. 823. 823. 823. 823. 823. 823. 823. 823. 823. 823. 823.
 823. 823. 823. 823. 823. 823. 823. 823. 823. 823. 823. 823. 823. 823.
 823. 823. 823.]",0,
61,61,"[826. 826. 826. 826. 826. 826. 826. 826. 826. 826. 826. 826. 826. 826.
 826. 826. 826. 826. 826. 826. 826. 826. 826. 826. 826. 826. 826. 826.
 826. 826. 826. 826. 826. 826. 826. 826. 826. 826. 826. 826. 826. 826.
 826. 826. 826. 826. 826. 826. 826. 826. 826. 826. 826. 826. 826. 826.
 826. 826. 826. 826. 826. 826. 826. 826. 826. 826. 826. 826. 826. 826.
 826. 826. 826. 826. 826. 826. 826. 826. 826. 826. 826. 826. 826. 826.
 826. 825. 823. 823. 823. 823. 823. 823. 823. 823. 823. 823. 823. 823.
 823. 823. 823. 823. 823. 823. 823. 823. 823. 823. 823. 823. 823. 823.
 823. 823. 823. 823. 823. 823. 823. 823. 823. 823. 823. 823. 823. 823.
 823. 823. 823.]",0,
62,62,"[826. 826. 826. 826. 826. 826. 826. 826. 826. 826. 826. 826. 826. 826.
 826. 826. 826. 826. 826. 826. 826. 826. 826. 826. 826. 826. 826. 826.
 826. 826. 826. 826. 826. 826. 826. 826. 826. 826. 826. 826. 826. 826.
 826. 826. 826. 826. 826. 826. 826. 826. 826. 826. 826. 826. 826. 826.
 826. 826. 826. 826. 826. 826. 826. 826. 826. 826. 826. 826. 826. 826.
 826. 826. 826. 826. 826. 826. 826. 826. 826. 826. 826. 826. 826. 826.
 826. 825. 823. 823. 823. 823. 823. 823. 823. 823. 823. 823. 823. 823.
 823. 823. 823. 823. 823. 823. 823. 823. 823. 823. 823. 823. 823. 823.
 823. 823. 823. 823. 823. 823. 823. 823. 823. 823. 823. 823. 823. 823.
 823. 823. 823.]",0,
63,63,"[826. 826. 826. 826. 826. 826. 826. 826. 826. 826. 826. 826. 826. 826.
 826. 826. 826. 826. 826. 826. 826. 826. 826. 826. 826. 826. 826. 826.
 826. 826. 826. 826. 826. 826. 826. 826. 826. 826. 826. 826. 826. 826.
 826. 826. 826. 826. 826. 826. 826. 826. 826. 826. 826. 826. 826. 826.
 826. 826. 826. 826. 826. 826. 826. 826. 826. 826. 826. 826. 826. 826.
 826. 826. 826. 826. 826. 826. 826. 826. 826. 826. 826. 826. 826. 826.
 826. 825. 823. 823. 823. 823. 823. 823. 823. 823. 823. 823. 823. 823.
 823. 823. 823. 823. 823. 823. 823. 823. 823. 823. 823. 823. 823. 823.
 823. 823. 823. 823. 823. 823. 823. 823. 823. 823. 823. 823. 823. 823.
 823. 823. 823.]",0,
64,64,"[826. 826. 826. 826. 826. 826. 826. 826. 826. 826. 826. 826. 826. 826.
 826. 826. 826. 826. 826. 826. 826. 826. 826. 826. 826. 826. 826. 826.
 826. 826. 826. 826. 826. 826. 826. 826. 826. 826. 826. 826. 826. 826.
 826. 826. 826. 826. 826. 826. 826. 826. 826. 826. 826. 826. 826. 826.
 826. 826. 826. 826. 826. 826. 826. 826. 826. 826. 826. 826. 826. 826.
 826. 826. 826. 826. 826. 826. 826. 826. 826. 826. 826. 826. 826. 826.
 826. 825. 823. 823. 823. 823. 823. 823. 823. 823. 823. 823. 823. 823.
 823. 823. 823. 823. 823. 823. 823. 823. 823. 823. 823. 823. 823. 823.
 823. 823. 823. 823. 823. 823. 823. 823. 823. 823. 823. 823. 823. 823.
 823. 823. 823.]",0,
65,65,"[826. 826. 826. 826. 826. 826. 826. 826. 826. 826. 826. 826. 826. 826.
 826. 826. 826. 826. 826. 826. 826. 826. 826. 826. 826. 826. 826. 826.
 826. 826. 826. 826. 826. 826. 826. 826. 826. 826. 826. 826. 826. 826.
 826. 826. 826. 826. 826. 826. 826. 826. 826. 826. 826. 826. 826. 826.
 826. 826. 826. 826. 826. 826. 826. 826. 826. 826. 826. 826. 826. 826.
 826. 826. 826. 826. 826. 826. 826. 826. 826. 826. 826. 826. 826. 826.
 826. 825. 823. 823. 823. 823. 823. 823. 823. 823. 823. 823. 823. 823.
 823. 823. 823. 823. 823. 823. 823. 823. 823. 823. 823. 823. 823. 823.
 823. 823. 823. 823. 823. 823. 823. 823. 823. 823. 823. 823. 823. 823.
 823. 823. 823.]",0,
66,66,"[826. 826. 826. 826. 826. 826. 826. 826. 826. 826. 826. 826. 826. 826.
 826. 826. 826. 826. 826. 826. 826. 826. 826. 826. 826. 826. 826. 826.
 826. 826. 826. 826. 826. 826. 826. 826. 826. 826. 826. 826. 826. 826.
 826. 826. 826. 826. 826. 826. 826. 826. 826. 826. 826. 826. 826. 826.
 826. 826. 826. 826. 826. 826. 826. 826. 826. 826. 826. 826. 826. 826.
 826. 826. 826. 826. 826. 826. 826. 826. 826. 826. 826. 826. 826. 826.
 826. 825. 823. 823. 823. 823. 823. 823. 823. 823. 823. 823. 823. 823.
 823. 823. 823. 823. 823. 823. 823. 823. 823. 823. 823. 823. 823. 823.
 823. 823. 823. 823. 823. 823. 823. 823. 823. 823. 823. 823. 823. 823.
 823. 823. 823.]",0,
67,67,"[826. 826. 826. 826. 826. 826. 826. 826. 826. 826. 826. 826. 826. 826.
 826. 826. 826. 826. 826. 826. 826. 826. 826. 826. 826. 826. 826. 826.
 826. 826. 826. 826. 826. 826. 826. 826. 826. 826. 826. 826. 826. 826.
 826. 826. 826. 826. 826. 826. 826. 826. 826. 826. 826. 826. 826. 826.
 826. 826. 826. 826. 826. 826. 826. 826. 826. 826. 826. 826. 826. 826.
 826. 826. 826. 826. 826. 826. 826. 826. 826. 826. 826. 826. 826. 826.
 826. 825. 823. 823. 823. 823. 823. 823. 823. 823. 823. 823. 823. 823.
 823. 823. 823. 823. 823. 823. 823. 823. 823. 823. 823. 823. 823. 823.
 823. 823. 823. 823. 823. 823. 823. 823. 823. 823. 823. 823. 823. 823.
 823. 823. 823.]",0,
68,68,"[826. 826. 826. 826. 826. 826. 826. 826. 826. 826. 826. 826. 826. 826.
 826. 826. 826. 826. 826. 826. 826. 826. 826. 826. 826. 826. 826. 826.
 826. 826. 826. 826. 826. 826. 826. 826. 826. 826. 826. 826. 826. 826.
 826. 826. 826. 826. 826. 826. 826. 826. 826. 826. 826. 826. 826. 826.
 826. 826. 826. 826. 826. 826. 826. 826. 826. 826. 826. 826. 826. 826.
 826. 826. 826. 826. 826. 826. 826. 826. 826. 826. 826. 826. 826. 826.
 826. 825. 823. 823. 823. 823. 823. 823. 823. 823. 823. 823. 823. 823.
 823. 823. 823. 823. 823. 823. 823. 823. 823. 823. 823. 823. 823. 823.
 823. 823. 823. 823. 823. 823. 823. 823. 823. 823. 823. 823. 823. 823.
 823. 823. 823.]",0,
69,69,"[826. 826. 826. 826. 826. 826. 826. 826. 826. 826. 826. 826. 826. 826.
 826. 826. 826. 826. 826. 826. 826. 826. 826. 826. 826. 826. 826. 826.
 826. 826. 826. 826. 826. 826. 826. 826. 826. 826. 826. 826. 826. 826.
 826. 826. 826. 826. 826. 826. 826. 826. 826. 826. 826. 826. 826. 826.
 826. 826. 826. 826. 826. 826. 826. 826. 826. 826. 826. 826. 826. 826.
 826. 826. 826. 826. 826. 826. 826. 826. 826. 826. 826. 826. 826. 826.
 826. 825. 823. 823. 823. 823. 823. 823. 823. 823. 823. 823. 823. 823.
 823. 823. 823. 823. 823. 823. 823. 823. 823. 823. 823. 823. 823. 823.
 823. 823. 823. 823. 823. 823. 823. 823. 823. 823. 823. 823. 823. 823.
 823. 823. 823.]",0,
70,70,"[826. 826. 826. 826. 826. 826. 826. 826. 826. 826. 826. 826. 826. 826.
 826. 826. 826. 826. 826. 826. 826. 826. 826. 826. 826. 826. 826. 826.
 826. 826. 826. 826. 826. 826. 826. 826. 826. 826. 826. 826. 826. 826.
 826. 826. 826. 826. 826. 826. 826. 826. 826. 826. 826. 826. 826. 826.
 826. 826. 826. 826. 826. 826. 826. 826. 826. 826. 826. 826. 826. 826.
 826. 826. 826. 826. 826. 826. 826. 826. 826. 826. 826. 826. 826. 826.
 826. 825. 823. 823. 823. 823. 823. 823. 823. 823. 823. 823. 823. 823.
 823. 823. 823. 823. 823. 823. 823. 823. 823. 823. 823. 823. 823. 823.
 823. 823. 823. 823. 823. 823. 823. 823. 823. 823. 823. 823. 823. 823.
 823. 823. 823.]",0,
71,71,"[826. 826. 826. 826. 826. 826. 826. 826. 826. 826. 826. 826. 826. 826.
 826. 826. 826. 826. 826. 826. 826. 826. 826. 826. 826. 826. 826. 826.
 826. 826. 826. 826. 826. 826. 826. 826. 826. 826. 826. 826. 826. 826.
 826. 826. 826. 826. 826. 826. 826. 826. 826. 826. 826. 826. 826. 826.
 826. 826. 826. 826. 826. 826. 826. 826. 826. 826. 826. 826. 826. 826.
 826. 826. 826. 826. 826. 826. 826. 826. 826. 826. 826. 826. 826. 826.
 826. 825. 823. 823. 823. 823. 823. 823. 823. 823. 823. 823. 823. 823.
 823. 823. 823. 823. 823. 823. 823. 823. 823. 823. 823. 823. 823. 823.
 823. 823. 823. 823. 823. 823. 823. 823. 823. 823. 823. 823. 823. 823.
 823. 823. 823.]",0,
72,72,"[826. 826. 826. 826. 826. 826. 826. 826. 826. 826. 826. 826. 826. 826.
 826. 826. 826. 826. 826. 826. 826. 826. 826. 826. 826. 826. 826. 826.
 826. 826. 826. 826. 826. 826. 826. 826. 826. 826. 826. 826. 826. 826.
 826. 826. 826. 826. 826. 826. 826. 826. 826. 826. 826. 826. 826. 826.
 826. 826. 826. 826. 826. 826. 826. 826. 826. 826. 826. 826. 826. 826.
 826. 826. 826. 826. 826. 826. 826. 826. 826. 826. 826. 826. 826. 826.
 826. 825. 823. 823. 823. 823. 823. 823. 823. 823. 823. 823. 823. 823.
 823. 823. 823. 823. 823. 823. 823. 823. 823. 823. 823. 823. 823. 823.
 823. 823. 823. 823. 823. 823. 823. 823. 823. 823. 823. 823. 823. 823.
 823. 823. 823.]",0,
73,73,"[826. 826. 826. 826. 826. 826. 826. 826. 826. 826. 826. 826. 826. 826.
 826. 826. 826. 826. 826. 826. 826. 826. 826. 826. 826. 826. 826. 826.
 826. 826. 826. 826. 826. 826. 826. 826. 826. 826. 826. 826. 826. 826.
 826. 826. 826. 826. 826. 826. 826. 826. 826. 826. 826. 826. 826. 826.
 826. 826. 826. 826. 826. 826. 826. 826. 826. 826. 826. 826. 826. 826.
 826. 826. 826. 826. 826. 826. 826. 826. 826. 826. 826. 826. 826. 826.
 826. 825. 823. 823. 823. 823. 823. 823. 823. 823. 823. 823. 823. 823.
 823. 823. 823. 823. 823. 823. 823. 823. 823. 823. 823. 823. 823. 823.
 823. 823. 823. 823. 823. 823. 823. 823. 823. 823. 823. 823. 823. 823.
 823. 823. 823.]",0,
74,74,"[826. 826. 826. 826. 826. 826. 826. 826. 826. 826. 826. 826. 826. 826.
 826. 826. 826. 826. 826. 826. 826. 826. 826. 826. 826. 826. 826. 826.
 826. 826. 826. 826. 826. 826. 826. 826. 826. 826. 826. 826. 826. 826.
 826. 826. 826. 826. 826. 826. 826. 826. 826. 826. 826. 826. 826. 826.
 826. 826. 826. 826. 826. 826. 826. 826. 826. 826. 826. 826. 826. 826.
 826. 826. 826. 826. 826. 826. 826. 826. 826. 826. 826. 826. 826. 826.
 826. 825. 823. 823. 823. 823. 823. 823. 823. 823. 823. 823. 823. 823.
 823. 823. 823. 823. 823. 823. 823. 823. 823. 823. 823. 823. 823. 823.
 823. 823. 823. 823. 823. 823. 823. 823. 823. 823. 823. 823. 823. 823.
 823. 823. 823.]",0,
75,75,"[826. 826. 826. 826. 826. 826. 826. 826. 826. 826. 826. 826. 826. 826.
 826. 826. 826. 826. 826. 826. 826. 826. 826. 826. 826. 826. 826. 826.
 826. 826. 826. 826. 826. 826. 826. 826. 826. 826. 826. 826. 826. 826.
 826. 826. 826. 826. 826. 826. 826. 826. 826. 826. 826. 826. 826. 826.
 826. 826. 826. 826. 826. 826. 826. 826. 826. 826. 826. 826. 826. 826.
 826. 826. 826. 826. 826. 826. 826. 826. 826. 826. 826. 826. 826. 826.
 826. 825. 823. 823. 823. 823. 823. 823. 823. 823. 823. 823. 823. 823.
 823. 823. 823. 823. 823. 823. 823. 823. 823. 823. 823. 823. 823. 823.
 823. 823. 823. 823. 823. 823. 823. 823. 823. 823. 823. 823. 823. 823.
 823. 823. 823.]",0,
76,76,"[826. 826. 826. 826. 826. 826. 826. 826. 826. 826. 826. 826. 826. 826.
 826. 826. 826. 826. 826. 826. 826. 826. 826. 826. 826. 826. 826. 826.
 826. 826. 826. 826. 826. 826. 826. 826. 826. 826. 826. 826. 826. 826.
 826. 826. 826. 826. 826. 826. 826. 826. 826. 826. 826. 826. 826. 826.
 826. 826. 826. 826. 826. 826. 826. 826. 826. 826. 826. 826. 826. 826.
 826. 826. 826. 826. 826. 826. 826. 826. 826. 826. 826. 826. 826. 826.
 826. 825. 823. 823. 823. 823. 823. 823. 823. 823. 823. 823. 823. 823.
 823. 823. 823. 823. 823. 823. 823. 823. 823. 823. 823. 823. 823. 823.
 823. 823. 823. 823. 823. 823. 823. 823. 823. 823. 823. 823. 823. 823.
 823. 823. 823.]",0,
77,77,"[826. 826. 826. 826. 826. 826. 826. 826. 826. 826. 826. 826. 826. 826.
 826. 826. 826. 826. 826. 826. 826. 826. 826. 826. 826. 826. 826. 826.
 826. 826. 826. 826. 826. 826. 826. 826. 826. 826. 826. 826. 826. 826.
 826. 826. 826. 826. 826. 826. 826. 826. 826. 826. 826. 826. 826. 826.
 826. 826. 826. 826. 826. 826. 826. 826. 826. 826. 826. 826. 826. 826.
 826. 826. 826. 826. 826. 826. 826. 826. 826. 826. 826. 826. 826. 826.
 826. 825. 823. 823. 823. 823. 823. 823. 823. 823. 823. 823. 823. 823.
 823. 823. 823. 823. 823. 823. 823. 823. 823. 823. 823. 823. 823. 823.
 823. 823. 823. 823. 823. 823. 823. 823. 823. 823. 823. 823. 823. 823.
 823. 823. 823.]",0,
78,78,"[826. 826. 826. 826. 826. 826. 826. 826. 826. 826. 826. 826. 826. 826.
 826. 826. 826. 826. 826. 826. 826. 826. 826. 826. 826. 826. 826. 826.
 826. 826. 826. 826. 826. 826. 826. 826. 826. 826. 826. 826. 826. 826.
 826. 826. 826. 826. 826. 826. 826. 826. 826. 826. 826. 826. 826. 826.
 826. 826. 826. 826. 826. 826. 826. 826. 826. 826. 826. 826. 826. 826.
 826. 826. 826. 826. 826. 826. 826. 826. 826. 826. 826. 826. 826. 826.
 826. 825. 823. 823. 823. 823. 823. 823. 823. 823. 823. 823. 823. 823.
 823. 823. 823. 823. 823. 823. 823. 823. 823. 823. 823. 823. 823. 823.
 823. 823. 823. 823. 823. 823. 823. 823. 823. 823. 823. 823. 823. 823.
 823. 823. 823.]",0,
79,79,"[826. 826. 826. 826. 826. 826. 826. 826. 826. 826. 826. 826. 826. 826.
 826. 826. 826. 826. 826. 826. 826. 826. 826. 826. 826. 826. 826. 826.
 826. 826. 826. 826. 826. 826. 826. 826. 826. 826. 826. 826. 826. 826.
 826. 826. 826. 826. 826. 826. 826. 826. 826. 826. 826. 826. 826. 826.
 826. 826. 826. 826. 826. 826. 826. 826. 826. 826. 826. 826. 826. 826.
 826. 826. 826. 826. 826. 826. 826. 826. 826. 826. 826. 826. 826. 826.
 826. 825. 823. 823. 823. 823. 823. 823. 823. 823. 823. 823. 823. 823.
 823. 823. 823. 823. 823. 823. 823. 823. 823. 823. 823. 823. 823. 823.
 823. 823. 823. 823. 823. 823. 823. 823. 823. 823. 823. 823. 823. 823.
 823. 823. 823.]",0,
80,80,"[826. 826. 826. 826. 826. 826. 826. 826. 826. 826. 826. 826. 826. 826.
 826. 826. 826. 826. 826. 826. 826. 826. 826. 826. 826. 826. 826. 826.
 826. 826. 826. 826. 826. 826. 826. 826. 826. 826. 826. 826. 826. 826.
 826. 826. 826. 826. 826. 826. 826. 826. 826. 826. 826. 826. 826. 826.
 826. 826. 826. 826. 826. 826. 826. 826. 826. 826. 826. 826. 826. 826.
 826. 826. 826. 826. 826. 826. 826. 826. 826. 826. 826. 826. 826. 826.
 826. 825. 823. 823. 823. 823. 823. 823. 823. 823. 823. 823. 823. 823.
 823. 823. 823. 823. 823. 823. 823. 823. 823. 823. 823. 823. 823. 823.
 823. 823. 823. 823. 823. 823. 823. 823. 823. 823. 823. 823. 823. 823.
 823. 823. 823.]",0,
81,81,"[826. 826. 826. 826. 826. 826. 826. 826. 826. 826. 826. 826. 826. 826.
 826. 826. 826. 826. 826. 826. 826. 826. 826. 826. 826. 826. 826. 826.
 826. 826. 826. 826. 826. 826. 826. 826. 826. 826. 826. 826. 826. 826.
 826. 826. 826. 826. 826. 826. 826. 826. 826. 826. 826. 826. 826. 826.
 826. 826. 826. 826. 826. 826. 826. 826. 826. 826. 826. 826. 826. 826.
 826. 826. 826. 826. 826. 826. 826. 826. 826. 826. 826. 826. 826. 826.
 826. 825. 823. 823. 823. 823. 823. 823. 823. 823. 823. 823. 823. 823.
 823. 823. 823. 823. 823. 823. 823. 823. 823. 823. 823. 823. 823. 823.
 823. 823. 823. 823. 823. 823. 823. 823. 823. 823. 823. 823. 823. 823.
 823. 823. 823.]",0,
82,82,"[826. 826. 826. 826. 826. 826. 826. 826. 826. 826. 826. 826. 826. 826.
 826. 826. 826. 826. 826. 826. 826. 826. 826. 826. 826. 826. 826. 826.
 826. 826. 826. 826. 826. 826. 826. 826. 826. 826. 826. 826. 826. 826.
 826. 826. 826. 826. 826. 826. 826. 826. 826. 826. 826. 826. 826. 826.
 826. 826. 826. 826. 826. 826. 826. 826. 826. 826. 826. 826. 826. 826.
 826. 826. 826. 826. 826. 826. 826. 826. 826. 826. 826. 826. 826. 826.
 826. 825. 823. 823. 823. 823. 823. 823. 823. 823. 823. 823. 823. 823.
 823. 823. 823. 823. 823. 823. 823. 823. 823. 823. 823. 823. 823. 823.
 823. 823. 823. 823. 823. 823. 823. 823. 823. 823. 823. 823. 823. 823.
 823. 823. 823.]",0,
83,83,"[826. 826. 826. 826. 826. 826. 826. 826. 826. 826. 826. 826. 826. 826.
 826. 826. 826. 826. 826. 826. 826. 826. 826. 826. 826. 826. 826. 826.
 826. 826. 826. 826. 826. 826. 826. 826. 826. 826. 826. 826. 826. 826.
 826. 826. 826. 826. 826. 826. 826. 826. 826. 826. 826. 826. 826. 826.
 826. 826. 826. 826. 826. 826. 826. 826. 826. 826. 826. 826. 826. 826.
 826. 826. 826. 826. 826. 826. 826. 826. 826. 826. 826. 826. 826. 826.
 826. 825. 823. 823. 823. 823. 823. 823. 823. 823. 823. 823. 823. 823.
 823. 823. 823. 823. 823. 823. 823. 823. 823. 823. 823. 823. 823. 823.
 823. 823. 823. 823. 823. 823. 823. 823. 823. 823. 823. 823. 823. 823.
 823. 823. 823.]",0,
84,84,"[826. 826. 826. 826. 826. 826. 826. 826. 826. 826. 826. 826. 826. 826.
 826. 826. 826. 826. 826. 826. 826. 826. 826. 826. 826. 826. 826. 826.
 826. 826. 826. 826. 826. 826. 826. 826. 826. 826. 826. 826. 826. 826.
 826. 826. 826. 826. 826. 826. 826. 826. 826. 826. 826. 826. 826. 826.
 826. 826. 826. 826. 826. 826. 826. 826. 826. 826. 826. 826. 826. 826.
 826. 826. 826. 826. 826. 826. 826. 826. 826. 826. 826. 826. 826. 826.
 826. 825. 823. 823. 823. 823. 823. 823. 823. 823. 823. 823. 823. 823.
 823. 823. 823. 823. 823. 823. 823. 823. 823. 823. 823. 823. 823. 823.
 823. 823. 823. 823. 823. 823. 823. 823. 823. 823. 823. 823. 823. 823.
 823. 823. 823.]",0,
85,85,"[826. 826. 826. 826. 826. 826. 826. 826. 826. 826. 826. 826. 826. 826.
 826. 826. 826. 826. 826. 826. 826. 826. 826. 826. 826. 826. 826. 826.
 826. 826. 826. 826. 826. 826. 826. 826. 826. 826. 826. 826. 826. 826.
 826. 826. 826. 826. 826. 826. 826. 826. 826. 826. 826. 826. 826. 826.
 826. 826. 826. 826. 826. 826. 826. 826. 826. 826. 826. 826. 826. 826.
 826. 826. 826. 826. 826. 826. 826. 826. 826. 826. 826. 826. 826. 826.
 826. 825. 823. 823. 823. 823. 823. 823. 823. 823. 823. 823. 823. 823.
 823. 823. 823. 823. 823. 823. 823. 823. 823. 823. 823. 823. 823. 823.
 823. 823. 823. 823. 823. 823. 823. 823. 823. 823. 823. 823. 823. 823.
 823. 823. 823.]",1,
86,86,"[826. 826. 826. 826. 826. 826. 826. 826. 826. 826. 826. 826. 826. 826.
 826. 826. 826. 826. 826. 826. 826. 826. 826. 826. 826. 826. 826. 826.
 826. 826. 826. 826. 826. 826. 826. 826. 826. 826. 826. 826. 826. 826.
 826. 826. 826. 826. 826. 826. 826. 826. 826. 826. 826. 826. 826. 826.
 826. 826. 826. 826. 826. 826. 826. 826. 826. 826. 826. 826. 826. 826.
 826. 826. 826. 826. 826. 826. 826. 826. 826. 826. 826. 826. 826. 826.
 826. 825. 823. 823. 823. 823. 823. 823. 823. 823. 823. 823. 823. 823.
 823. 823. 823. 823. 823. 823. 823. 823. 823. 823. 823. 823. 823. 823.
 823. 823. 823. 823. 823. 823. 823. 823. 823. 823. 823. 823. 823. 823.
 823. 823. 823.]",3,
87,87,"[826. 826. 826. 826. 826. 826. 826. 826. 826. 826. 826. 826. 826. 826.
 826. 826. 826. 826. 826. 826. 826. 826. 826. 826. 826. 826. 826. 826.
 826. 826. 826. 826. 826. 826. 826. 826. 826. 826. 826. 826. 826. 826.
 826. 826. 826. 826. 826. 826. 826. 826. 826. 826. 826. 826. 826. 826.
 826. 826. 826. 826. 826. 826. 826. 826. 826. 826. 826. 826. 826. 826.
 826. 826. 826. 826. 826. 826. 826. 826. 826. 826. 826. 826. 826. 826.
 826. 825. 823. 823. 823. 823. 823. 823. 823. 823. 823. 823. 823. 823.
 823. 823. 823. 823. 823. 823. 823. 823. 823. 823. 823. 823. 823. 823.
 823. 823. 823. 823. 823. 823. 823. 823. 823. 823. 823. 823. 823. 823.
 823. 823. 823.]",3,
88,88,"[826. 826. 826. 826. 826. 826. 826. 826. 826. 826. 826. 826. 826. 826.
 826. 826. 826. 826. 826. 826. 826. 826. 826. 826. 826. 826. 826. 826.
 826. 826. 826. 826. 826. 826. 826. 826. 826. 826. 826. 826. 826. 826.
 826. 826. 826. 826. 826. 826. 826. 826. 826. 826. 826. 826. 826. 826.
 826. 826. 826. 826. 826. 826. 826. 826. 826. 826. 826. 826. 826. 826.
 826. 826. 826. 826. 826. 826. 826. 826. 826. 826. 826. 826. 826. 826.
 826. 825. 823. 823. 823. 823. 823. 823. 823. 823. 823. 823. 823. 823.
 823. 823. 823. 823. 823. 823. 823. 823. 823. 823. 823. 823. 823. 823.
 823. 823. 823. 823. 823. 823. 823. 823. 823. 823. 823. 823. 823. 823.
 823. 823. 823.]",3,
89,89,"[826. 826. 826. 826. 826. 826. 826. 826. 826. 826. 826. 826. 826. 826.
 826. 826. 826. 826. 826. 826. 826. 826. 826. 826. 826. 826. 826. 826.
 826. 826. 826. 826. 826. 826. 826. 826. 826. 826. 826. 826. 826. 826.
 826. 826. 826. 826. 826. 826. 826. 826. 826. 826. 826. 826. 826. 826.
 826. 826. 826. 826. 826. 826. 826. 826. 826. 826. 826. 826. 826. 826.
 826. 826. 826. 826. 826. 826. 826. 826. 826. 826. 826. 826. 826. 826.
 826. 825. 823. 823. 823. 823. 823. 823. 823. 823. 823. 823. 823. 823.
 823. 823. 823. 823. 823. 823. 823. 823. 823. 823. 823. 823. 823. 823.
 823. 823. 823. 823. 823. 823. 823. 823. 823. 823. 823. 823. 823. 823.
 823. 823. 823.]",3,
90,90,"[826. 826. 826. 826. 826. 826. 826. 826. 826. 826. 826. 826. 826. 826.
 826. 826. 826. 826. 826. 826. 826. 826. 826. 826. 826. 826. 826. 826.
 826. 826. 826. 826. 826. 826. 826. 826. 826. 826. 826. 826. 826. 826.
 826. 826. 826. 826. 826. 826. 826. 826. 826. 826. 826. 826. 826. 826.
 826. 826. 826. 826. 826. 826. 826. 826. 826. 826. 826. 826. 826. 826.
 826. 826. 826. 826. 826. 826. 826. 826. 826. 826. 826. 826. 826. 826.
 826. 825. 823. 823. 823. 823. 823. 823. 823. 823. 823. 823. 823. 823.
 823. 823. 823. 823. 823. 823. 823. 823. 823. 823. 823. 823. 823. 823.
 823. 823. 823. 823. 823. 823. 823. 823. 823. 823. 823. 823. 823. 823.
 823. 823. 823.]",3,
91,91,"[826. 826. 826. 826. 826. 826. 826. 826. 826. 826. 826. 826. 826. 826.
 826. 826. 826. 826. 826. 826. 826. 826. 826. 826. 826. 826. 826. 826.
 826. 826. 826. 826. 826. 826. 826. 826. 826. 826. 826. 826. 826. 826.
 826. 826. 826. 826. 826. 826. 826. 826. 826. 826. 826. 826. 826. 826.
 826. 826. 826. 826. 826. 826. 826. 826. 826. 826. 826. 826. 826. 826.
 826. 826. 826. 826. 826. 826. 826. 826. 826. 826. 826. 826. 826. 826.
 826. 825. 823. 823. 823. 823. 823. 823. 823. 823. 823. 823. 823. 823.
 823. 823. 823. 823. 823. 823. 823. 823. 823. 823. 823. 823. 823. 823.
 823. 823. 823. 823. 823. 823. 823. 823. 823. 823. 823. 823. 823. 823.
 823. 823. 823.]",3,
92,92,"[826. 826. 826. 826. 826. 826. 826. 826. 826. 826. 826. 826. 826. 826.
 826. 826. 826. 826. 826. 826. 826. 826. 826. 826. 826. 826. 826. 826.
 826. 826. 826. 826. 826. 826. 826. 826. 826. 826. 826. 826. 826. 826.
 826. 826. 826. 826. 826. 826. 826. 826. 826. 826. 826. 826. 826. 826.
 826. 826. 826. 826. 826. 826. 826. 826. 826. 826. 826. 826. 826. 826.
 826. 826. 826. 826. 826. 826. 826. 826. 826. 826. 826. 826. 826. 826.
 826. 825. 823. 823. 823. 823. 823. 823. 823. 823. 823. 823. 823. 823.
 823. 823. 823. 823. 823. 823. 823. 823. 823. 823. 823. 823. 823. 823.
 823. 823. 823. 823. 823. 823. 823. 823. 823. 823. 823. 823. 823. 823.
 823. 823. 823.]",3,
93,93,"[826. 826. 826. 826. 826. 826. 826. 826. 826. 826. 826. 826. 826. 826.
 826. 826. 826. 826. 826. 826. 826. 826. 826. 826. 826. 826. 826. 826.
 826. 826. 826. 826. 826. 826. 826. 826. 826. 826. 826. 826. 826. 826.
 826. 826. 826. 826. 826. 826. 826. 826. 826. 826. 826. 826. 826. 826.
 826. 826. 826. 826. 826. 826. 826. 826. 826. 826. 826. 826. 826. 826.
 826. 826. 826. 826. 826. 826. 826. 826. 826. 826. 826. 826. 826. 826.
 826. 825. 823. 823. 823. 823. 823. 823. 823. 823. 823. 823. 823. 823.
 823. 823. 823. 823. 823. 823. 823. 823. 823. 823. 823. 823. 823. 823.
 823. 823. 823. 823. 823. 823. 823. 823. 823. 823. 823. 823. 823. 823.
 823. 823. 823.]",3,
94,94,"[826. 826. 826. 826. 826. 826. 826. 826. 826. 826. 826. 826. 826. 826.
 826. 826. 826. 826. 826. 826. 826. 826. 826. 826. 826. 826. 826. 826.
 826. 826. 826. 826. 826. 826. 826. 826. 826. 826. 826. 826. 826. 826.
 826. 826. 826. 826. 826. 826. 826. 826. 826. 826. 826. 826. 826. 826.
 826. 826. 826. 826. 826. 826. 826. 826. 826. 826. 826. 826. 826. 826.
 826. 826. 826. 826. 826. 826. 826. 826. 826. 826. 826. 826. 826. 826.
 826. 825. 823. 823. 823. 823. 823. 823. 823. 823. 823. 823. 823. 823.
 823. 823. 823. 823. 823. 823. 823. 823. 823. 823. 823. 823. 823. 823.
 823. 823. 823. 823. 823. 823. 823. 823. 823. 823. 823. 823. 823. 823.
 823. 823. 823.]",3,
95,95,"[826. 826. 826. 826. 826. 826. 826. 826. 826. 826. 826. 826. 826. 826.
 826. 826. 826. 826. 826. 826. 826. 826. 826. 826. 826. 826. 826. 826.
 826. 826. 826. 826. 826. 826. 826. 826. 826. 826. 826. 826. 826. 826.
 826. 826. 826. 826. 826. 826. 826. 826. 826. 826. 826. 826. 826. 826.
 826. 826. 826. 826. 826. 826. 826. 826. 826. 826. 826. 826. 826. 826.
 826. 826. 826. 826. 826. 826. 826. 826. 826. 826. 826. 826. 826. 826.
 826. 825. 823. 823. 823. 823. 823. 823. 823. 823. 823. 823. 823. 823.
 823. 823. 823. 823. 823. 823. 823. 823. 823. 823. 823. 823. 823. 823.
 823. 823. 823. 823. 823. 823. 823. 823. 823. 823. 823. 823. 823. 823.
 823. 823. 823.]",3,
96,96,"[826. 826. 826. 826. 826. 826. 826. 826. 826. 826. 826. 826. 826. 826.
 826. 826. 826. 826. 826. 826. 826. 826. 826. 826. 826. 826. 826. 826.
 826. 826. 826. 826. 826. 826. 826. 826. 826. 826. 826. 826. 826. 826.
 826. 826. 826. 826. 826. 826. 826. 826. 826. 826. 826. 826. 826. 826.
 826. 826. 826. 826. 826. 826. 826. 826. 826. 826. 826. 826. 826. 826.
 826. 826. 826. 826. 826. 826. 826. 826. 826. 826. 826. 826. 826. 826.
 826. 825. 823. 823. 823. 823. 823. 823. 823. 823. 823. 823. 823. 823.
 823. 823. 823. 823. 823. 823. 823. 823. 823. 823. 823. 823. 823. 823.
 823. 823. 823. 823. 823. 823. 823. 823. 823. 823. 823. 823. 823. 823.
 823. 823. 823.]",3,
97,97,"[826. 826. 826. 826. 826. 826. 826. 826. 826. 826. 826. 826. 826. 826.
 826. 826. 826. 826. 826. 826. 826. 826. 826. 826. 826. 826. 826. 826.
 826. 826. 826. 826. 826. 826. 826. 826. 826. 826. 826. 826. 826. 826.
 826. 826. 826. 826. 826. 826. 826. 826. 826. 826. 826. 826. 826. 826.
 826. 826. 826. 826. 826. 826. 826. 826. 826. 826. 826. 826. 826. 826.
 826. 826. 826. 826. 826. 826. 826. 826. 826. 826. 826. 826. 826. 826.
 826. 825. 823. 823. 823. 823. 823. 823. 823. 823. 823. 823. 823. 823.
 823. 823. 823. 823. 823. 823. 823. 823. 823. 823. 823. 823. 823. 823.
 823. 823. 823. 823. 823. 823. 823. 823. 823. 823. 823. 823. 823. 823.
 823. 823. 823.]",3,
98,98,"[826. 826. 826. 826. 826. 826. 826. 826. 826. 826. 826. 826. 826. 826.
 826. 826. 826. 826. 826. 826. 826. 826. 826. 826. 826. 826. 826. 826.
 826. 826. 826. 826. 826. 826. 826. 826. 826. 826. 826. 826. 826. 826.
 826. 826. 826. 826. 826. 826. 826. 826. 826. 826. 826. 826. 826. 826.
 826. 826. 826. 826. 826. 826. 826. 826. 826. 826. 826. 826. 826. 826.
 826. 826. 826. 826. 826. 826. 826. 826. 826. 826. 826. 826. 826. 826.
 826. 825. 823. 823. 823. 823. 823. 823. 823. 823. 823. 823. 823. 823.
 823. 823. 823. 823. 823. 823. 823. 823. 823. 823. 823. 823. 823. 823.
 823. 823. 823. 823. 823. 823. 823. 823. 823. 823. 823. 823. 823. 823.
 823. 823. 823.]",3,
99,99,"[826. 826. 826. 826. 826. 826. 826. 826. 826. 826. 826. 826. 826. 826.
 826. 826. 826. 826. 826. 826. 826. 826. 826. 826. 826. 826. 826. 826.
 826. 826. 826. 826. 826. 826. 826. 826. 826. 826. 826. 826. 826. 826.
 826. 826. 826. 826. 826. 826. 826. 826. 826. 826. 826. 826. 826. 826.
 826. 826. 826. 826. 826. 826. 826. 826. 826. 826. 826. 826. 826. 826.
 826. 826. 826. 826. 826. 826. 826. 826. 826. 826. 826. 826. 826. 826.
 826. 825. 823. 823. 823. 823. 823. 823. 823. 823. 823. 823. 823. 823.
 823. 823. 823. 823. 823. 823. 823. 823. 823. 823. 823. 823. 823. 823.
 823. 823. 823. 823. 823. 823. 823. 823. 823. 823. 823. 823. 823. 823.
 823. 823. 823.]",3,
100,100,"[826. 826. 826. 826. 826. 826. 826. 826. 826. 826. 826. 826. 826. 826.
 826. 826. 826. 826. 826. 826. 826. 826. 826. 826. 826. 826. 826. 826.
 826. 826. 826. 826. 826. 826. 826. 826. 826. 826. 826. 826. 826. 826.
 826. 826. 826. 826. 826. 826. 826. 826. 826. 826. 826. 826. 826. 826.
 826. 826. 826. 826. 826. 826. 826. 826. 826. 826. 826. 826. 826. 826.
 826. 826. 826. 826. 826. 826. 826. 826. 826. 826. 826. 826. 826. 826.
 826. 825. 823. 823. 823. 823. 823. 823. 823. 823. 823. 823. 823. 823.
 823. 823. 823. 823. 823. 823. 823. 823. 823. 823. 823. 823. 823. 823.
 823. 823. 823. 823. 823. 823. 823. 823. 823. 823. 823. 823. 823. 823.
 823. 823. 823.]",3,
101,101,"[826. 826. 826. 826. 826. 826. 826. 826. 826. 826. 826. 826. 826. 826.
 826. 826. 826. 826. 826. 826. 826. 826. 826. 826. 826. 826. 826. 826.
 826. 826. 826. 826. 826. 826. 826. 826. 826. 826. 826. 826. 826. 826.
 826. 826. 826. 826. 826. 826. 826. 826. 826. 826. 826. 826. 826. 826.
 826. 826. 826. 826. 826. 826. 826. 826. 826. 826. 826. 826. 826. 826.
 826. 826. 826. 826. 826. 826. 826. 826. 826. 826. 826. 826. 826. 826.
 826. 825. 823. 823. 823. 823. 823. 823. 823. 823. 823. 823. 823. 823.
 823. 823. 823. 823. 823. 823. 823. 823. 823. 823. 823. 823. 823. 823.
 823. 823. 823. 823. 823. 823. 823. 823. 823. 823. 823. 823. 823. 823.
 823. 823. 823.]",3,
102,102,"[826. 826. 826. 826. 826. 826. 826. 826. 826. 826. 826. 826. 826. 826.
 826. 826. 826. 826. 826. 826. 826. 826. 826. 826. 826. 826. 826. 826.
 826. 826. 826. 826. 826. 826. 826. 826. 826. 826. 826. 826. 826. 826.
 826. 826. 826. 826. 826. 826. 826. 826. 826. 826. 826. 826. 826. 826.
 826. 826. 826. 826. 826. 826. 826. 826. 826. 826. 826. 826. 826. 826.
 826. 826. 826. 826. 826. 826. 826. 826. 826. 826. 826. 826. 826. 826.
 826. 825. 823. 823. 823. 823. 823. 823. 823. 823. 823. 823. 823. 823.
 823. 823. 823. 823. 823. 823. 823. 823. 823. 823. 823. 823. 823. 823.
 823. 823. 823. 823. 823. 823. 823. 823. 823. 823. 823. 823. 823. 823.
 823. 823. 823.]",3,
103,103,"[826. 826. 826. 826. 826. 826. 826. 826. 826. 826. 826. 826. 826. 826.
 826. 826. 826. 826. 826. 826. 826. 826. 826. 826. 826. 826. 826. 826.
 826. 826. 826. 826. 826. 826. 826. 826. 826. 826. 826. 826. 826. 826.
 826. 826. 826. 826. 826. 826. 826. 826. 826. 826. 826. 826. 826. 826.
 826. 826. 826. 826. 826. 826. 826. 826. 826. 826. 826. 826. 826. 826.
 826. 826. 826. 826. 826. 826. 826. 826. 826. 826. 826. 826. 826. 826.
 826. 825. 823. 823. 823. 823. 823. 823. 823. 823. 823. 823. 823. 823.
 823. 823. 823. 823. 823. 823. 823. 823. 823. 823. 823. 823. 823. 823.
 823. 823. 823. 823. 823. 823. 823. 823. 823. 823. 823. 823. 823. 823.
 823. 823. 823.]",3,
104,104,"[826. 826. 826. 826. 826. 826. 826. 826. 826. 826. 826. 826. 826. 826.
 826. 826. 826. 826. 826. 826. 826. 826. 826. 826. 826. 826. 826. 826.
 826. 826. 826. 826. 826. 826. 826. 826. 826. 826. 826. 826. 826. 826.
 826. 826. 826. 826. 826. 826. 826. 826. 826. 826. 826. 826. 826. 826.
 826. 826. 826. 826. 826. 826. 826. 826. 826. 826. 826. 826. 826. 826.
 826. 826. 826. 826. 826. 826. 826. 826. 826. 826. 826. 826. 826. 826.
 826. 825. 823. 823. 823. 823. 823. 823. 823. 823. 823. 823. 823. 823.
 823. 823. 823. 823. 823. 823. 823. 823. 823. 823. 823. 823. 823. 823.
 823. 823. 823. 823. 823. 823. 823. 823. 823. 823. 823. 823. 823. 823.
 823. 823. 823.]",3,
105,105,"[826. 826. 826. 826. 826. 826. 826. 826. 826. 826. 826. 826. 826. 826.
 826. 826. 826. 826. 826. 826. 826. 826. 826. 826. 826. 826. 826. 826.
 826. 826. 826. 826. 826. 826. 826. 826. 826. 826. 826. 826. 826. 826.
 826. 826. 826. 826. 826. 826. 826. 826. 826. 826. 826. 826. 826. 826.
 826. 826. 826. 826. 826. 826. 826. 826. 826. 826. 826. 826. 826. 826.
 826. 826. 826. 826. 826. 826. 826. 826. 826. 826. 826. 826. 826. 826.
 826. 825. 823. 823. 823. 823. 823. 823. 823. 823. 823. 823. 823. 823.
 823. 823. 823. 823. 823. 823. 823. 823. 823. 823. 823. 823. 823. 823.
 823. 823. 823. 823. 823. 823. 823. 823. 823. 823. 823. 823. 823. 823.
 823. 823. 823.]",3,
106,106,"[826. 826. 826. 826. 826. 826. 826. 826. 826. 826. 826. 826. 826. 826.
 826. 826. 826. 826. 826. 826. 826. 826. 826. 826. 826. 826. 826. 826.
 826. 826. 826. 826. 826. 826. 826. 826. 826. 826. 826. 826. 826. 826.
 826. 826. 826. 826. 826. 826. 826. 826. 826. 826. 826. 826. 826. 826.
 826. 826. 826. 826. 826. 826. 826. 826. 826. 826. 826. 826. 826. 826.
 826. 826. 826. 826. 826. 826. 826. 826. 826. 826. 826. 826. 826. 826.
 826. 825. 823. 823. 823. 823. 823. 823. 823. 823. 823. 823. 823. 823.
 823. 823. 823. 823. 823. 823. 823. 823. 823. 823. 823. 823. 823. 823.
 823. 823. 823. 823. 823. 823. 823. 823. 823. 823. 823. 823. 823. 823.
 823. 823. 823.]",3,
107,107,"[826. 826. 826. 826. 826. 826. 826. 826. 826. 826. 826. 826. 826. 826.
 826. 826. 826. 826. 826. 826. 826. 826. 826. 826. 826. 826. 826. 826.
 826. 826. 826. 826. 826. 826. 826. 826. 826. 826. 826. 826. 826. 826.
 826. 826. 826. 826. 826. 826. 826. 826. 826. 826. 826. 826. 826. 826.
 826. 826. 826. 826. 826. 826. 826. 826. 826. 826. 826. 826. 826. 826.
 826. 826. 826. 826. 826. 826. 826. 826. 826. 826. 826. 826. 826. 826.
 826. 825. 823. 823. 823. 823. 823. 823. 823. 823. 823. 823. 823. 823.
 823. 823. 823. 823. 823. 823. 823. 823. 823. 823. 823. 823. 823. 823.
 823. 823. 823. 823. 823. 823. 823. 823. 823. 823. 823. 823. 823. 823.
 823. 823. 823.]",3,
108,108,"[826. 826. 826. 826. 826. 826. 826. 826. 826. 826. 826. 826. 826. 826.
 826. 826. 826. 826. 826. 826. 826. 826. 826. 826. 826. 826. 826. 826.
 826. 826. 826. 826. 826. 826. 826. 826. 826. 826. 826. 826. 826. 826.
 826. 826. 826. 826. 826. 826. 826. 826. 826. 826. 826. 826. 826. 826.
 826. 826. 826. 826. 826. 826. 826. 826. 826. 826. 826. 826. 826. 826.
 826. 826. 826. 826. 826. 826. 826. 826. 826. 826. 826. 826. 826. 826.
 826. 825. 823. 823. 823. 823. 823. 823. 823. 823. 823. 823. 823. 823.
 823. 823. 823. 823. 823. 823. 823. 823. 823. 823. 823. 823. 823. 823.
 823. 823. 823. 823. 823. 823. 823. 823. 823. 823. 823. 823. 823. 823.
 823. 823. 823.]",3,
109,109,"[826. 826. 826. 826. 826. 826. 826. 826. 826. 826. 826. 826. 826. 826.
 826. 826. 826. 826. 826. 826. 826. 826. 826. 826. 826. 826. 826. 826.
 826. 826. 826. 826. 826. 826. 826. 826. 826. 826. 826. 826. 826. 826.
 826. 826. 826. 826. 826. 826. 826. 826. 826. 826. 826. 826. 826. 826.
 826. 826. 826. 826. 826. 826. 826. 826. 826. 826. 826. 826. 826. 826.
 826. 826. 826. 826. 826. 826. 826. 826. 826. 826. 826. 826. 826. 826.
 826. 825. 823. 823. 823. 823. 823. 823. 823. 823. 823. 823. 823. 823.
 823. 823. 823. 823. 823. 823. 823. 823. 823. 823. 823. 823. 823. 823.
 823. 823. 823. 823. 823. 823. 823. 823. 823. 823. 823. 823. 823. 823.
 823. 823. 823.]",3,
110,110,"[826. 826. 826. 826. 826. 826. 826. 826. 826. 826. 826. 826. 826. 826.
 826. 826. 826. 826. 826. 826. 826. 826. 826. 826. 826. 826. 826. 826.
 826. 826. 826. 826. 826. 826. 826. 826. 826. 826. 826. 826. 826. 826.
 826. 826. 826. 826. 826. 826. 826. 826. 826. 826. 826. 826. 826. 826.
 826. 826. 826. 826. 826. 826. 826. 826. 826. 826. 826. 826. 826. 826.
 826. 826. 826. 826. 826. 826. 826. 826. 826. 826. 826. 826. 826. 826.
 826. 825. 823. 823. 823. 823. 823. 823. 823. 823. 823. 823. 823. 823.
 823. 823. 823. 823. 823. 823. 823. 823. 823. 823. 823. 823. 823. 823.
 823. 823. 823. 823. 823. 823. 823. 823. 823. 823. 823. 823. 823. 823.
 823. 823. 823.]",3,
111,111,"[826. 826. 826. 826. 826. 826. 826. 826. 826. 826. 826. 826. 826. 826.
 826. 826. 826. 826. 826. 826. 826. 826. 826. 826. 826. 826. 826. 826.
 826. 826. 826. 826. 826. 826. 826. 826. 826. 826. 826. 826. 826. 826.
 826. 826. 826. 826. 826. 826. 826. 826. 826. 826. 826. 826. 826. 826.
 826. 826. 826. 826. 826. 826. 826. 826. 826. 826. 826. 826. 826. 826.
 826. 826. 826. 826. 826. 826. 826. 826. 826. 826. 826. 826. 826. 826.
 826. 825. 823. 823. 823. 823. 823. 823. 823. 823. 823. 823. 823. 823.
 823. 823. 823. 823. 823. 823. 823. 823. 823. 823. 823. 823. 823. 823.
 823. 823. 823. 823. 823. 823. 823. 823. 823. 823. 823. 823. 823. 823.
 823. 823. 823.]",3,
112,112,"[826. 826. 826. 826. 826. 826. 826. 826. 826. 826. 826. 826. 826. 826.
 826. 826. 826. 826. 826. 826. 826. 826. 826. 826. 826. 826. 826. 826.
 826. 826. 826. 826. 826. 826. 826. 826. 826. 826. 826. 826. 826. 826.
 826. 826. 826. 826. 826. 826. 826. 826. 826. 826. 826. 826. 826. 826.
 826. 826. 826. 826. 826. 826. 826. 826. 826. 826. 826. 826. 826. 826.
 826. 826. 826. 826. 826. 826. 826. 826. 826. 826. 826. 826. 826. 826.
 826. 825. 823. 823. 823. 823. 823. 823. 823. 823. 823. 823. 823. 823.
 823. 823. 823. 823. 823. 823. 823. 823. 823. 823. 823. 823. 823. 823.
 823. 823. 823. 823. 823. 823. 823. 823. 823. 823. 823. 823. 823. 823.
 823. 823. 823.]",3,
113,113,"[826. 826. 826. 826. 826. 826. 826. 826. 826. 826. 826. 826. 826. 826.
 826. 826. 826. 826. 826. 826. 826. 826. 826. 826. 826. 826. 826. 826.
 826. 826. 826. 826. 826. 826. 826. 826. 826. 826. 826. 826. 826. 826.
 826. 826. 826. 826. 826. 826. 826. 826. 826. 826. 826. 826. 826. 826.
 826. 826. 826. 826. 826. 826. 826. 826. 826. 826. 826. 826. 826. 826.
 826. 826. 826. 826. 826. 826. 826. 826. 826. 826. 826. 826. 826. 826.
 826. 825. 823. 823. 823. 823. 823. 823. 823. 823. 823. 823. 823. 823.
 823. 823. 823. 823. 823. 823. 823. 823. 823. 823. 823. 823. 823. 823.
 823. 823. 823. 823. 823. 823. 823. 823. 823. 823. 823. 823. 823. 823.
 823. 823. 823.]",3,
114,114,"[826. 826. 826. 826. 826. 826. 826. 826. 826. 826. 826. 826. 826. 826.
 826. 826. 826. 826. 826. 826. 826. 826. 826. 826. 826. 826. 826. 826.
 826. 826. 826. 826. 826. 826. 826. 826. 826. 826. 826. 826. 826. 826.
 826. 826. 826. 826. 826. 826. 826. 826. 826. 826. 826. 826. 826. 826.
 826. 826. 826. 826. 826. 826. 826. 826. 826. 826. 826. 826. 826. 826.
 826. 826. 826. 826. 826. 826. 826. 826. 826. 826. 826. 826. 826. 826.
 826. 825. 823. 823. 823. 823. 823. 823. 823. 823. 823. 823. 823. 823.
 823. 823. 823. 823. 823. 823. 823. 823. 823. 823. 823. 823. 823. 823.
 823. 823. 823. 823. 823. 823. 823. 823. 823. 823. 823. 823. 823. 823.
 823. 823. 823.]",3,
115,115,"[826. 826. 826. 826. 826. 826. 826. 826. 826. 826. 826. 826. 826. 826.
 826. 826. 826. 826. 826. 826. 826. 826. 826. 826. 826. 826. 826. 826.
 826. 826. 826. 826. 826. 826. 826. 826. 826. 826. 826. 826. 826. 826.
 826. 826. 826. 826. 826. 826. 826. 826. 826. 826. 826. 826. 826. 826.
 826. 826. 826. 826. 826. 826. 826. 826. 826. 826. 826. 826. 826. 826.
 826. 826. 826. 826. 826. 826. 826. 826. 826. 826. 826. 826. 826. 826.
 826. 825. 823. 823. 823. 823. 823. 823. 823. 823. 823. 823. 823. 823.
 823. 823. 823. 823. 823. 823. 823. 823. 823. 823. 823. 823. 823. 823.
 823. 823. 823. 823. 823. 823. 823. 823. 823. 823. 823. 823. 823. 823.
 823. 823. 823.]",3,
116,116,"[826. 826. 826. 826. 826. 826. 826. 826. 826. 826. 826. 826. 826. 826.
 826. 826. 826. 826. 826. 826. 826. 826. 826. 826. 826. 826. 826. 826.
 826. 826. 826. 826. 826. 826. 826. 826. 826. 826. 826. 826. 826. 826.
 826. 826. 826. 826. 826. 826. 826. 826. 826. 826. 826. 826. 826. 826.
 826. 826. 826. 826. 826. 826. 826. 826. 826. 826. 826. 826. 826. 826.
 826. 826. 826. 826. 826. 826. 826. 826. 826. 826. 826. 826. 826. 826.
 826. 825. 823. 823. 823. 823. 823. 823. 823. 823. 823. 823. 823. 823.
 823. 823. 823. 823. 823. 823. 823. 823. 823. 823. 823. 823. 823. 823.
 823. 823. 823. 823. 823. 823. 823. 823. 823. 823. 823. 823. 823. 823.
 823. 823. 823.]",3,
117,117,"[826. 826. 826. 826. 826. 826. 826. 826. 826. 826. 826. 826. 826. 826.
 826. 826. 826. 826. 826. 826. 826. 826. 826. 826. 826. 826. 826. 826.
 826. 826. 826. 826. 826. 826. 826. 826. 826. 826. 826. 826. 826. 826.
 826. 826. 826. 826. 826. 826. 826. 826. 826. 826. 826. 826. 826. 826.
 826. 826. 826. 826. 826. 826. 826. 826. 826. 826. 826. 826. 826. 826.
 826. 826. 826. 826. 826. 826. 826. 826. 826. 826. 826. 826. 826. 826.
 826. 825. 823. 823. 823. 823. 823. 823. 823. 823. 823. 823. 823. 823.
 823. 823. 823. 823. 823. 823. 823. 823. 823. 823. 823. 823. 823. 823.
 823. 823. 823. 823. 823. 823. 823. 823. 823. 823. 823. 823. 823. 823.
 823. 823. 823.]",3,
118,118,"[826. 826. 826. 826. 826. 826. 826. 826. 826. 826. 826. 826. 826. 826.
 826. 826. 826. 826. 826. 826. 826. 826. 826. 826. 826. 826. 826. 826.
 826. 826. 826. 826. 826. 826. 826. 826. 826. 826. 826. 826. 826. 826.
 826. 826. 826. 826. 826. 826. 826. 826. 826. 826. 826. 826. 826. 826.
 826. 826. 826. 826. 826. 826. 826. 826. 826. 826. 826. 826. 826. 826.
 826. 826. 826. 826. 826. 826. 826. 826. 826. 826. 826. 826. 826. 826.
 826. 825. 823. 823. 823. 823. 823. 823. 823. 823. 823. 823. 823. 823.
 823. 823. 823. 823. 823. 823. 823. 823. 823. 823. 823. 823. 823. 823.
 823. 823. 823. 823. 823. 823. 823. 823. 823. 823. 823. 823. 823. 823.
 823. 823. 823.]",3,
119,119,"[826. 826. 826. 826. 826. 826. 826. 826. 826. 826. 826. 826. 826. 826.
 826. 826. 826. 826. 826. 826. 826. 826. 826. 826. 826. 826. 826. 826.
 826. 826. 826. 826. 826. 826. 826. 826. 826. 826. 826. 826. 826. 826.
 826. 826. 826. 826. 826. 826. 826. 826. 826. 826. 826. 826. 826. 826.
 826. 826. 826. 826. 826. 826. 826. 826. 826. 826. 826. 826. 826. 826.
 826. 826. 826. 826. 826. 826. 826. 826. 826. 826. 826. 826. 826. 826.
 826. 825. 823. 823. 823. 823. 823. 823. 823. 823. 823. 823. 823. 823.
 823. 823. 823. 823. 823. 823. 823. 823. 823. 823. 823. 823. 823. 823.
 823. 823. 823. 823. 823. 823. 823. 823. 823. 823. 823. 823. 823. 823.
 823. 823. 823.]",3,
120,120,"[826. 826. 826. 826. 826. 826. 826. 826. 826. 826. 826. 826. 826. 826.
 826. 826. 826. 826. 826. 826. 826. 826. 826. 826. 826. 826. 826. 826.
 826. 826. 826. 826. 826. 826. 826. 826. 826. 826. 826. 826. 826. 826.
 826. 826. 826. 826. 826. 826. 826. 826. 826. 826. 826. 826. 826. 826.
 826. 826. 826. 826. 826. 826. 826. 826. 826. 826. 826. 826. 826. 826.
 826. 826. 826. 826. 826. 826. 826. 826. 826. 826. 826. 826. 826. 826.
 826. 825. 823. 823. 823. 823. 823. 823. 823. 823. 823. 823. 823. 823.
 823. 823. 823. 823. 823. 823. 823. 823. 823. 823. 823. 823. 823. 823.
 823. 823. 823. 823. 823. 823. 823. 823. 823. 823. 823. 823. 823. 823.
 823. 823. 823.]",3,
121,121,"[826. 826. 826. 826. 826. 826. 826. 826. 826. 826. 826. 826. 826. 826.
 826. 826. 826. 826. 826. 826. 826. 826. 826. 826. 826. 826. 826. 826.
 826. 826. 826. 826. 826. 826. 826. 826. 826. 826. 826. 826. 826. 826.
 826. 826. 826. 826. 826. 826. 826. 826. 826. 826. 826. 826. 826. 826.
 826. 826. 826. 826. 826. 826. 826. 826. 826. 826. 826. 826. 826. 826.
 826. 826. 826. 826. 826. 826. 826. 826. 826. 826. 826. 826. 826. 826.
 826. 825. 823. 823. 823. 823. 823. 823. 823. 823. 823. 823. 823. 823.
 823. 823. 823. 823. 823. 823. 823. 823. 823. 823. 823. 823. 823. 823.
 823. 823. 823. 823. 823. 823. 823. 823. 823. 823. 823. 823. 823. 823.
 823. 823. 823.]",3,
122,122,"[826. 826. 826. 826. 826. 826. 826. 826. 826. 826. 826. 826. 826. 826.
 826. 826. 826. 826. 826. 826. 826. 826. 826. 826. 826. 826. 826. 826.
 826. 826. 826. 826. 826. 826. 826. 826. 826. 826. 826. 826. 826. 826.
 826. 826. 826. 826. 826. 826. 826. 826. 826. 826. 826. 826. 826. 826.
 826. 826. 826. 826. 826. 826. 826. 826. 826. 826. 826. 826. 826. 826.
 826. 826. 826. 826. 826. 826. 826. 826. 826. 826. 826. 826. 826. 826.
 826. 825. 823. 823. 823. 823. 823. 823. 823. 823. 823. 823. 823. 823.
 823. 823. 823. 823. 823. 823. 823. 823. 823. 823. 823. 823. 823. 823.
 823. 823. 823. 823. 823. 823. 823. 823. 823. 823. 823. 823. 823. 823.
 823. 823. 823.]",3,
123,123,"[826. 826. 826. 826. 826. 826. 826. 826. 826. 826. 826. 826. 826. 826.
 826. 826. 826. 826. 826. 826. 826. 826. 826. 826. 826. 826. 826. 826.
 826. 826. 826. 826. 826. 826. 826. 826. 826. 826. 826. 826. 826. 826.
 826. 826. 826. 826. 826. 826. 826. 826. 826. 826. 826. 826. 826. 826.
 826. 826. 826. 826. 826. 826. 826. 826. 826. 826. 826. 826. 826. 826.
 826. 826. 826. 826. 826. 826. 826. 826. 826. 826. 826. 826. 826. 826.
 826. 825. 823. 823. 823. 823. 823. 823. 823. 823. 823. 823. 823. 823.
 823. 823. 823. 823. 823. 823. 823. 823. 823. 823. 823. 823. 823. 823.
 823. 823. 823. 823. 823. 823. 823. 823. 823. 823. 823. 823. 823. 823.
 823. 823. 823.]",3,
124,124,"[826. 826. 826. 826. 826. 826. 826. 826. 826. 826. 826. 826. 826. 826.
 826. 826. 826. 826. 826. 826. 826. 826. 826. 826. 826. 826. 826. 826.
 826. 826. 826. 826. 826. 826. 826. 826. 826. 826. 826. 826. 826. 826.
 826. 826. 826. 826. 826. 826. 826. 826. 826. 826. 826. 826. 826. 826.
 826. 826. 826. 826. 826. 826. 826. 826. 826. 826. 826. 826. 826. 826.
 826. 826. 826. 826. 826. 826. 826. 826. 826. 826. 826. 826. 826. 826.
 826. 825. 823. 823. 823. 823. 823. 823. 823. 823. 823. 823. 823. 823.
 823. 823. 823. 823. 823. 823. 823. 823. 823. 823. 823. 823. 823. 823.
 823. 823. 823. 823. 823. 823. 823. 823. 823. 823. 823. 823. 823. 823.
 823. 823. 823.]",3,
125,125,"[826. 826. 826. 826. 826. 826. 826. 826. 826. 826. 826. 826. 826. 826.
 826. 826. 826. 826. 826. 826. 826. 826. 826. 826. 826. 826. 826. 826.
 826. 826. 826. 826. 826. 826. 826. 826. 826. 826. 826. 826. 826. 826.
 826. 826. 826. 826. 826. 826. 826. 826. 826. 826. 826. 826. 826. 826.
 826. 826. 826. 826. 826. 826. 826. 826. 826. 826. 826. 826. 826. 826.
 826. 826. 826. 826. 826. 826. 826. 826. 826. 826. 826. 826. 826. 826.
 826. 825. 823. 823. 823. 823. 823. 823. 823. 823. 823. 823. 823. 823.
 823. 823. 823. 823. 823. 823. 823. 823. 823. 823. 823. 823. 823. 823.
 823. 823. 823. 823. 823. 823. 823. 823. 823. 823. 823. 823. 823. 823.
 823. 823. 823.]",3,
126,126,"[826. 826. 826. 826. 826. 826. 826. 826. 826. 826. 826. 826. 826. 826.
 826. 826. 826. 826. 826. 826. 826. 826. 826. 826. 826. 826. 826. 826.
 826. 826. 826. 826. 826. 826. 826. 826. 826. 826. 826. 826. 826. 826.
 826. 826. 826. 826. 826. 826. 826. 826. 826. 826. 826. 826. 826. 826.
 826. 826. 826. 826. 826. 826. 826. 826. 826. 826. 826. 826. 826. 826.
 826. 826. 826. 826. 826. 826. 826. 826. 826. 826. 826. 826. 826. 826.
 826. 825. 823. 823. 823. 823. 823. 823. 823. 823. 823. 823. 823. 823.
 823. 823. 823. 823. 823. 823. 823. 823. 823. 823. 823. 823. 823. 823.
 823. 823. 823. 823. 823. 823. 823. 823. 823. 823. 823. 823. 823. 823.
 823. 823. 823.]",3,
127,127,"[826. 826. 826. 826. 826. 826. 826. 826. 826. 826. 826. 826. 826. 826.
 826. 826. 826. 826. 826. 826. 826. 826. 826. 826. 826. 826. 826. 826.
 826. 826. 826. 826. 826. 826. 826. 826. 826. 826. 826. 826. 826. 826.
 826. 826. 826. 826. 826. 826. 826. 826. 826. 826. 826. 826. 826. 826.
 826. 826. 826. 826. 826. 826. 826. 826. 826. 826. 826. 826. 826. 826.
 826. 826. 826. 826. 826. 826. 826. 826. 826. 826. 826. 826. 826. 826.
 826. 825. 823. 823. 823. 823. 823. 823. 823. 823. 823. 823. 823. 823.
 823. 823. 823. 823. 823. 823. 823. 823. 823. 823. 823. 823. 823. 823.
 823. 823. 823. 823. 823. 823. 823. 823. 823. 823. 823. 823. 823. 823.
 823. 823. 823.]",3,
128,128,"[826. 826. 826. 826. 826. 826. 826. 826. 826. 826. 826. 826. 826. 826.
 826. 826. 826. 826. 826. 826. 826. 826. 826. 826. 826. 826. 826. 826.
 826. 826. 826. 826. 826. 826. 826. 826. 826. 826. 826. 826. 826. 826.
 826. 826. 826. 826. 826. 826. 826. 826. 826. 826. 826. 826. 826. 826.
 826. 826. 826. 826. 826. 826. 826. 826. 826. 826. 826. 826. 826. 826.
 826. 826. 826. 826. 826. 826. 826. 826. 826. 826. 826. 826. 826. 826.
 826. 825. 823. 823. 823. 823. 823. 823. 823. 823. 823. 823. 823. 823.
 823. 823. 823. 823. 823. 823. 823. 823. 823. 823. 823. 823. 823. 823.
 823. 823. 823. 823. 823. 823. 823. 823. 823. 823. 823. 823. 823. 823.
 823. 823. 823.]",3,
